,Date,IndexValue_NDXT,prediction,residuals
0,2015-03-16,2384.35195898658,,
1,2015-03-20,2431.81382164863,7566.82216262952,-5135.00834098089
2,2015-03-24,2401.91985658201,109.6603319031907,2292.2595246788196
3,2015-03-28,2372.31608389881,2613.8863170369136,-241.5702331381035
4,2015-04-01,2342.71231121561,2586.966049191294,-244.2537379756841
5,2015-04-05,2368.08355052371,2403.0199195351333,-34.93636901142327
6,2015-04-09,2393.45478983181,2408.978979830401,-15.524189998590828
7,2015-04-13,2388.1180510145,2373.038118623344,15.079932391156035
8,2015-04-17,2366.24887251576,2283.1385932017806,83.11027931397939
9,2015-04-21,2407.74105477038,2281.3057828315077,126.43527193887212
10,2015-04-25,2403.29302289104,2620.677000173672,-217.3839772826318
11,2015-04-29,2398.8449910117,2349.319709604941,49.52528140675895
12,2015-05-03,2386.267105844745,2333.500499982027,52.766605862717824
13,2015-05-07,2373.68922067779,2348.6157969359674,25.073423741822808
14,2015-05-11,2387.69535878886,2426.5852894361683,-38.88993064730812
15,2015-05-15,2412.26211871747,2428.3715890253347,-16.10947030786474
16,2015-05-19,2412.81686149659,2461.083414702303,-48.26655320571308
17,2015-05-23,2434.52273864924,2343.9521230957844,90.57061555345581
18,2015-05-27,2456.22861580189,2469.2680067854126,-13.03939098352248
19,2015-05-31,2440.5405213954,2507.494856099876,-66.95433470447597
20,2015-06-04,2424.85242698891,2361.285238690515,63.56718829839474
21,2015-06-08,2391.10655208125,2381.43697170844,9.669580372809833
22,2015-06-12,2400.46442713884,2368.1143093704936,32.350117768346536
23,2015-06-16,2394.76328573792,2509.2267152108216,-114.46342947290168
24,2015-06-20,2398.95455152939,2354.9656317837635,43.98891974562639
25,2015-06-24,2403.14581732086,2396.3779859958713,6.767831324988492
26,2015-06-28,2357.20543710476,2383.094155600238,-25.88871849547786
27,2015-07-02,2311.26505688866,2248.2250249246354,63.04003196402482
28,2015-07-06,2286.32395196696,2249.508724273916,36.81522769304411
29,2015-07-10,2266.21426937281,2345.7932851493424,-79.57901577653229
30,2015-07-14,2312.03060528832,2285.1268564794796,26.903748808840646
31,2015-07-18,2303.3203423742552,2428.9526613201992,-125.63231894594401
32,2015-07-22,2294.61007946019,2181.3943649865655,113.2157144736243
33,2015-07-26,2303.393871762085,2241.0902004438813,62.30367131820367
34,2015-07-30,2312.17766406398,2351.373812351321,-39.19614828734075
35,2015-08-03,2297.09919552148,2393.544900825264,-96.44570530378405
36,2015-08-07,2293.37871701809,2192.1805020499005,101.1982149681894
37,2015-08-11,2292.68557035801,2299.164891683886,-6.479321325875844
38,2015-08-15,2275.70959306623,2327.551100608845,-51.84150754261509
39,2015-08-19,2258.73361577445,2234.614647679731,24.11896809471864
40,2015-08-23,2218.74377674135,2217.870940589666,0.872836151683714
41,2015-08-27,2178.75393770825,2155.7372563956637,23.016681312586115
42,2015-08-31,2168.15096665163,2149.9465234544164,18.20444319721355
43,2015-09-04,2118.09795728782,2219.1960830233684,-101.09812573554836
44,2015-09-08,2191.13548053725,2011.539126605179,179.59635393207077
45,2015-09-12,2203.8889902019346,2446.5762872863193,-242.68729708438468
46,2015-09-16,2216.64249986662,2125.0612534528555,91.58124641376435
47,2015-09-20,2168.2219913069,2169.5279352834705,-1.3059439765706884
48,2015-09-24,2119.80148274718,1961.7068709224554,158.09461182472478
49,2015-09-28,2067.88811755295,2180.4834090521385,-112.59529149918853
50,2015-10-02,2162.56339081904,2023.2193403840197,139.3440504350201
51,2015-10-06,2212.49472681357,2556.763178536236,-344.26845172266576
52,2015-10-10,2239.5527955035404,2150.6493738714476,88.90342163209289
53,2015-10-14,2266.61086419351,2107.652412355505,158.9584518380052
54,2015-10-18,2301.01690537337,2239.8556625920555,61.161242781314286
55,2015-10-22,2335.42294655323,2482.1724194833027,-146.7494729300729
56,2015-10-26,2353.60974570889,2356.726829541585,-3.1170838326952435
57,2015-10-30,2346.65862344043,2322.9629257480433,23.695697692386602
58,2015-11-03,2374.49013070596,2289.943329108703,84.54680159725694
59,2015-11-07,2355.479844131405,2481.916053000465,-126.43620886906001
60,2015-11-11,2336.46955755685,2283.179863789985,53.28969376686473
61,2015-11-15,2336.15543520021,2293.6662465758136,42.48918862439632
62,2015-11-19,2335.84131284357,2371.5536984526443,-35.71238560907432
63,2015-11-23,2332.75867764413,2384.797556820391,-52.03887917626116
64,2015-11-27,2353.61879613825,2281.3210130510906,72.29778308715959
65,2015-12-01,2401.47477756435,2406.1943053437312,-4.719527779381224
66,2015-12-05,2372.2349839071003,2511.657828479673,-139.42284457257256
67,2015-12-09,2342.99519024985,2187.3180401646814,155.6771500851687
68,2015-12-13,2327.95207080105,2274.5084430364,53.443627764650046
69,2015-12-17,2312.90895135225,2399.349164301537,-86.44021294928689
70,2015-12-21,2305.28822150372,2360.4845941220046,-55.19637261828484
71,2015-12-25,2335.468113347735,2253.0564553325617,82.41165801517354
72,2015-12-29,2365.64800519175,2425.0865022224007,-59.438497030650524
73,2016-01-02,2294.400129546445,2398.9594574748426,-104.55932792839758
74,2016-01-06,2223.15225390114,2006.0000949333291,217.1521589678107
75,2016-01-10,2171.124566235325,2132.0519774093095,39.07258882601536
76,2016-01-14,2119.09687856951,2258.8395434975223,-139.74266492801235
77,2016-01-18,2101.02793894515,2128.0960581950335,-27.068119249883694
78,2016-01-22,2082.95899932079,2067.2285333836735,15.730465937116605
79,2016-01-26,2073.48645265202,2053.95329374008,19.533158911940063
80,2016-01-30,2082.75217570683,2063.3667930203064,19.38538268652337
81,2016-02-03,2092.01789876164,2105.451632343358,-13.433733581718116
82,2016-02-07,2031.16990047176,2115.0292762167114,-83.85937574495142
83,2016-02-11,1970.32190218188,1824.1519175989154,146.16998458296462
84,2016-02-15,2045.30471003475,1902.2594741774858,143.0452358572643
85,2016-02-19,2120.28751788762,2432.27637735098,-311.98885946335986
86,2016-02-23,2110.58936647124,2239.501619603805,-128.91225313256518
87,2016-02-27,2168.86259374752,1796.288045974068,372.57454777345197
88,2016-03-02,2227.1358210238,2266.361252921294,-39.22543189749422
89,2016-03-06,2229.483394941205,2437.148945838752,-207.66555089754684
90,2016-03-10,2231.83096885861,2126.8836193405755,104.94734951803457
91,2016-03-14,2269.09984341604,2141.625075682779,127.47476773326116
92,2016-03-18,2323.84367671381,2455.404654632222,-131.56097791841194
93,2016-03-22,2338.42145723769,2443.9915293522427,-105.57007211455266
94,2016-03-26,2338.138675698945,2219.181949895319,118.95672580362589
95,2016-03-30,2337.8558941602,2275.4076097520806,62.448284408119434
96,2016-04-03,2320.377405326105,2380.5526232229863,-60.17521789688135
97,2016-04-07,2302.89891649201,2318.693808348648,-15.79489185663806
98,2016-04-11,2305.32445363724,2269.866615526669,35.45783811057072
99,2016-04-15,2307.06695135141,2348.5082577151093,-41.44130636369937
100,2016-04-19,2302.90653836154,2318.208238948584,-15.301700587044252
101,2016-04-23,2313.022122723055,2261.6070595106385,51.4150632124165
102,2016-04-27,2323.13770708457,2337.2921505396916,-14.154443455121509
103,2016-05-01,2256.95803859839,2350.676040167784,-93.71800156939389
104,2016-05-05,2190.77837011221,2045.417005277803,145.3613648344069
105,2016-05-09,2196.94091029612,2111.2300730441502,85.71083725196968
106,2016-05-13,2202.97497644866,2403.5437389580175,-200.56876250935738
107,2016-05-17,2224.52077456037,2255.6499096415823,-31.129135081212553
108,2016-05-21,2289.5545383794097,2169.137552107988,120.41698627142159
109,2016-05-25,2354.58830219845,2389.668040019957,-35.079737821507024
110,2016-05-29,2376.236303760425,2451.3199604917318,-75.08365673130675
111,2016-06-02,2397.8843053224,2275.3089540266433,122.57535129575672
112,2016-06-06,2383.75135135529,2402.1107078075374,-18.35935645224754
113,2016-06-10,2354.25221525826,2366.8893345117267,-12.637119253466608
114,2016-06-14,2347.53199107608,2322.5570937983507,24.97489727772927
115,2016-06-18,2358.086880626775,2384.4336884560753,-26.34680782930036
116,2016-06-22,2368.64177017747,2433.930120733587,-65.28835055611717
117,2016-06-26,2367.975805076595,2348.6249407122,19.350864364394965
118,2016-06-30,2367.30983997572,2310.248129819779,57.061710155941
119,2016-07-04,2383.35623133547,2369.8193577538614,13.536873581608688
120,2016-07-08,2399.40262269522,2448.9044983594677,-49.501875664247564
121,2016-07-12,2461.75166992041,2422.443813793417,39.3078561269931
122,2016-07-16,2487.213477447165,2586.816892848538,-99.60341540137279
123,2016-07-20,2512.67528497392,2437.2725332216796,75.40275175224042
124,2016-07-24,2539.11766634126,2509.9010621029015,29.216604238358286
125,2016-07-28,2565.5600477086,2569.618917025214,-4.058869316614164
126,2016-08-01,2549.33342102882,2641.9487874207925,-92.61536639197266
127,2016-08-05,2579.48616289635,2433.575140427144,145.91102246920582
128,2016-08-09,2581.96821564653,2691.5409991397746,-109.57278349324451
129,2016-08-13,2599.796448601656,2570.891921379216,28.90452722243981
130,2016-08-17,2617.62468155678,2632.4950612532666,-14.870379696486452
131,2016-08-21,2639.9210841540653,2604.7973867489295,35.12369740513577
132,2016-08-25,2662.21748675135,2702.2068031062263,-39.98931635487634
133,2016-08-29,2694.05093523431,2658.758807514759,35.29212771955099
134,2016-09-02,2700.51720215669,2748.588878506868,-48.07167635017777
135,2016-09-06,2716.49467417279,2658.961527744861,57.53314642792884
136,2016-09-10,2690.11704793629,2744.0392336202067,-53.92218568391672
137,2016-09-14,2663.73942169979,2602.847725295354,60.89169640443606
138,2016-09-18,2709.063990198585,2649.835681487365,59.22830871122005
139,2016-09-22,2754.38855869738,2896.5267700996724,-142.1382114022922
140,2016-09-26,2709.63672280451,2831.981357316452,-122.34463451194188
141,2016-09-30,2775.06897258894,2419.4774045261006,355.59156806283954
142,2016-10-04,2769.47961719667,2993.7450385160755,-224.2654213194055
143,2016-10-08,2749.5775581810303,2754.7418497373665,-5.1642915563361385
144,2016-10-12,2729.67549916539,2667.076941810302,62.59855735508836
145,2016-10-16,2736.198900468345,2647.1895169044046,89.00938356394045
146,2016-10-20,2742.7223017713,2910.5594047448676,-167.83710297356765
147,2016-10-24,2778.58661244188,2715.5315467806413,63.05506566123859
148,2016-10-28,2769.88207755036,2836.9762433775527,-67.09416582719268
149,2016-11-01,2744.50959303434,2665.898004514721,78.61158851961909
150,2016-11-05,2752.3151847058957,2680.5151259304744,71.80005877542135
151,2016-11-09,2760.12077637745,2838.063252896262,-77.94247651881187
152,2016-11-13,2794.00709857721,2826.3662794425195,-32.359180865309554
153,2016-11-17,2827.89342077697,2830.852132886603,-2.958712109633325
154,2016-11-21,2849.29344463371,2832.3312110007587,16.96223363295121
155,2016-11-25,2858.52749593291,2847.0314475220125,11.496048410897401
156,2016-11-29,2860.27318891653,2830.1185635623347,30.15462535419556
157,2016-12-03,2866.085551219605,2874.2298365190404,-8.144285299435523
158,2016-12-07,2871.89791352268,2896.4400932306517,-24.542179707971627
159,2016-12-11,2889.303807715375,2883.6415620129137,5.662245702461405
160,2016-12-15,2906.70970190807,2921.3625771423226,-14.652875234252406
161,2016-12-19,2895.78136754397,2917.370672354274,-21.58930481030393
162,2016-12-23,2922.04534276237,2827.036865825708,95.00847693666219
163,2016-12-27,2942.47843231225,3007.617750844063,-65.13931853181293
164,2016-12-31,2922.3367691876247,2983.0996076750093,-60.76283848738467
165,2017-01-04,2902.195106063,2816.0072771128707,86.18782895012919
166,2017-01-08,2931.989086900655,2846.8163606766016,85.17272622405335
167,2017-01-12,2961.78306773831,3110.2390019539253,-148.45593421561534
168,2017-01-16,2982.11258905763,3013.1876855754767,-31.07509651784676
169,2017-01-20,3002.44211037695,2920.427418064521,82.0146923124289
170,2017-01-24,3045.82069379367,2992.7264171942443,53.09427659942594
171,2017-01-28,3063.91812927726,3168.2859528522386,-104.3678235749785
172,2017-02-01,3082.01556476085,3042.7123822487474,39.30318251210247
173,2017-02-05,3106.202379441365,3075.2444250181334,30.957954423231513
174,2017-02-09,3130.38919412188,3148.087427193586,-17.698233071706
175,2017-02-13,3143.23194464483,3183.6734915873626,-40.44154694253257
176,2017-02-17,3186.27708566431,3115.56240674079,70.7146789235203
177,2017-02-21,3206.35206279034,3279.6691625094522,-73.31709971911232
178,2017-02-25,3219.980138304735,3198.6172011988433,21.362937105891888
179,2017-03-01,3233.60821381913,3203.8755152619206,29.73269855720946
180,2017-03-05,3219.966319524895,3240.917561739677,-20.951242214781814
181,2017-03-09,3206.32442523066,3194.565134347243,11.759290883416725
182,2017-03-13,3258.05741367627,3182.2687005539847,75.78871312228512
183,2017-03-17,3272.99897316175,3445.37784837511,-172.3788752133596
184,2017-03-21,3213.89875568185,3239.3520858397633,-25.453330157913115
185,2017-03-25,3245.418057344425,2951.7641626091445,293.6538947352806
186,2017-03-29,3276.937359007,3429.0730909701156,-152.13573196311563
187,2017-04-02,3265.24722077949,3431.55710924627,-166.3098884667802
188,2017-04-06,3253.55708255198,3124.4955890028905,129.0614935490894
189,2017-04-10,3256.20411384526,3142.3702513135504,113.83386253170966
190,2017-04-14,3243.712042529856,3374.237874267016,-130.5258317371604
191,2017-04-18,3231.21997121445,3230.162344778136,1.0576264363144219
192,2017-04-22,3274.173611056365,3180.8182762277556,93.35533482860956
193,2017-04-26,3317.12725089828,3420.3294210930435,-103.20217019476331
194,2017-04-30,3340.06119220487,3378.6915554259504,-38.63036322108019
195,2017-05-04,3362.99513351146,3272.8622484838925,90.13288502756768
196,2017-05-08,3378.15660218699,3352.4098227698587,25.746779417131165
197,2017-05-12,3423.53157351028,3429.015728364595,-5.484154854314966
198,2017-05-16,3484.47009729857,3534.9597088862884,-50.48961158771817
199,2017-05-20,3489.025255728335,3568.1142766458247,-79.0890209174895
200,2017-05-24,3493.5804141581,3372.7618501475654,120.81856401053483
201,2017-05-28,3518.61904344226,3461.7728561331733,56.84618730908687
202,2017-06-01,3543.65767272642,3635.1381114173246,-91.48043869090452
203,2017-06-05,3572.86593325716,3612.146432558465,-39.2804993013051
204,2017-06-09,3504.21424632294,3558.971937168646,-54.75769084570584
205,2017-06-13,3515.87292843574,3247.818939440202,268.053988995538
206,2017-06-17,3523.017638281445,3678.8979834249867,-155.8803451435415
207,2017-06-21,3530.16234812715,3600.531471423961,-70.36912329681127
208,2017-06-25,3471.814869536065,3532.967458380702,-61.15258884463674
209,2017-06-29,3413.46739094498,3192.719303405552,220.74808753942762
210,2017-07-03,3360.49295665203,3405.0375201549964,-44.54456350296641
211,2017-07-07,3432.56604488345,3367.7286156560904,64.83742922735973
212,2017-07-11,3489.67256416371,3768.2529423734495,-278.5803782097396
213,2017-07-15,3547.6568363953047,3478.250170714792,69.40666568051256
214,2017-07-19,3605.6411086269,3502.0074199061182,103.63368872078172
215,2017-07-23,3563.63160494976,3604.206511073577,-40.57490612381707
216,2017-07-27,3521.62210127262,3425.7039593683,95.91814190432024
217,2017-07-31,3500.97049801952,3468.4154090073553,32.5550890121649
218,2017-08-04,3487.77365250284,3600.5195191492667,-112.74586664642675
219,2017-08-08,3510.05189629181,3548.1543762651936,-38.10247997338365
220,2017-08-12,3519.9241296971,3518.5675842130845,1.3565454840154416
221,2017-08-16,3529.79636310239,3489.2845542930318,40.51180880935817
222,2017-08-20,3512.88302125713,3518.983484780087,-6.100463522956943
223,2017-08-24,3495.96967941187,3441.26413083044,54.705548581429866
224,2017-08-28,3499.58091563009,3507.3737586698444,-7.792843039754189
225,2017-09-01,3597.71888564568,3554.3427517043274,43.37613394135269
226,2017-09-05,3558.78236903861,3881.8050142998572,-323.02264526124736
227,2017-09-09,3595.3797274139097,3242.710294175668,352.6694332382417
228,2017-09-13,3631.97708578921,3675.997137262934,-44.020051473723925
229,2017-09-17,3635.24583742292,3737.133818576862,-101.88798115394184
230,2017-09-21,3638.51458905663,3656.170540767991,-17.655951711361013
231,2017-09-25,3605.67369187174,3513.5645170862476,92.10917478549254
232,2017-09-29,3713.01473681495,3580.607820149631,132.40691666531893
233,2017-10-03,3732.00050506382,4091.1768419657033,-359.17633690188313
234,2017-10-07,3766.96770910854,3604.1550170016667,162.81269210687333
235,2017-10-11,3801.93491315326,3736.6853579753943,65.24955517786566
236,2017-10-15,3831.211147298455,3803.435491949798,27.775655348657438
237,2017-10-19,3860.48738144365,3974.4807566717527,-113.99337522810265
238,2017-10-23,3898.37245584808,3826.9551813402345,71.41727450784538
239,2017-10-27,3936.77322647992,3965.9448176675864,-29.17159118766631
240,2017-10-31,3967.6749677877,3979.648941238928,-11.973973451227721
241,2017-11-04,3996.20756371185,3974.7048956638237,21.502668048026408
242,2017-11-08,4024.740159636,4014.7928113391476,9.947348296852397
243,2017-11-12,4028.728409805705,4064.2044816575776,-35.4760718518728
244,2017-11-16,4032.71665997541,3995.4120111790785,37.30464879633155
245,2017-11-20,4044.05223826848,4033.2023195447614,10.849918723718474
246,2017-11-24,4094.04072065697,4087.113334813998,6.927385842971944
247,2017-11-28,4068.50485293641,4228.182468725249,-159.67761578883938
248,2017-12-02,3968.761257275605,3887.386845447823,81.3744118277823
249,2017-12-06,3869.0176616148,3698.7871480727617,170.23051354203835
250,2017-12-10,3893.49946329249,3810.76976373006,82.72969956243014
251,2017-12-14,3917.98126497018,4269.663603078951,-351.68233810877155
252,2017-12-18,4011.94907286922,3943.52084733801,68.42822553121005
253,2017-12-22,3969.38097655565,4084.8577717262515,-115.47679517060169
254,2017-12-26,3943.70723868743,3608.6865205095887,335.02071817784145
255,2017-12-30,3994.01629404531,3964.2510224924886,29.76527155282156
256,2018-01-03,4044.32534940319,4250.416414742442,-206.0910653392516
257,2018-01-07,4074.95434330058,4205.673555569125,-130.71921226854465
258,2018-01-11,4105.58333719797,3916.2148118758564,189.36852532211333
259,2018-01-15,4166.631484187839,4100.569448549985,66.06203563785402
260,2018-01-19,4227.67963117771,4343.967578727899,-116.28794755018953
261,2018-01-23,4288.71474720927,4301.0143233182,-12.299576108929614
262,2018-01-27,4258.05957544338,4313.138353449514,-55.0787780061346
263,2018-01-31,4227.40440367749,4044.712229175827,182.69217450166343
264,2018-02-04,4016.0328178981154,4213.527443327437,-197.4946254293218
265,2018-02-08,3804.66123211874,3555.0792234750934,249.58200864364653
266,2018-02-12,3963.3458361902,3645.143483830422,318.2023523597777
267,2018-02-16,4131.97214309757,4877.766243963933,-745.7941008663638
268,2018-02-20,4172.77695751091,4432.77129995908,-259.99434244817076
269,2018-02-24,4192.077486166135,3574.6495568960677,617.4279292700671
270,2018-02-28,4211.37801482136,3941.094283160654,270.28373166070605
271,2018-03-04,4293.926482223254,4550.96874736358,-257.042265140326
272,2018-03-08,4376.47494962515,4589.917007761105,-213.44205813595545
273,2018-03-12,4496.58630857772,4396.061326710286,100.52498186743378
274,2018-03-16,4447.23764626444,4619.686725753022,-172.44907948858236
275,2018-03-20,4377.72810672937,4056.662284590275,321.06582213909496
276,2018-03-24,4227.436249908855,4276.7061016716525,-49.26985176279777
277,2018-03-28,4077.14439308834,4047.2864717940693,29.85792129427091
278,2018-04-01,4098.904348290985,4065.9273142540646,32.97703403692003
279,2018-04-05,4120.66430349363,4405.1710439691815,-284.50674047555185
280,2018-04-09,4041.74162375638,4181.518073653271,-139.77644989689134
281,2018-04-13,4173.62063278175,3593.6219032453328,579.9987295364172
282,2018-04-17,4283.03900816782,4579.00623457012,-295.9672264023002
283,2018-04-21,4156.54725052948,4541.09603236336,-384.54878183387973
284,2018-04-25,4030.05549289114,3495.220281308826,534.8352115823141
285,2018-04-29,4068.4170175681543,3731.16922387328,337.2477936948744
286,2018-05-03,4106.77854224517,4734.7037020915795,-627.9251598464098
287,2018-05-07,4212.49338481602,4275.57671568423,-63.083330868210396
288,2018-05-11,4290.40590213853,4162.998306927231,127.40759521129894
289,2018-05-15,4278.57208823268,4220.900097735063,57.67199049761621
290,2018-05-19,4286.747952245485,4149.639224752061,137.10872749342434
291,2018-05-23,4294.92381625829,4311.630615835729,-16.706799577439597
292,2018-05-27,4288.698534943875,4433.60927164117,-144.91073669729576
293,2018-05-31,4282.47325362946,4277.348768342379,5.124485287080461
294,2018-06-04,4393.70151434421,4210.0464310354355,183.65508330877492
295,2018-06-08,4378.45406233011,4739.386434090734,-360.93237176062394
296,2018-06-12,4406.4807095628,4146.898218784406,259.58249077839446
297,2018-06-16,4394.36392723952,4405.800222967195,-11.436295727674405
298,2018-06-20,4382.24714491624,4343.562023524873,38.68512139136692
299,2018-06-24,4278.95150197789,4480.600554539018,-201.64905256112797
300,2018-06-28,4175.65585903954,3942.7705760471713,232.8852829923685
301,2018-07-02,4229.61876079338,4120.895444924665,108.72331586871496
302,2018-07-06,4303.97732643923,4615.730493951534,-311.75316751230457
303,2018-07-10,4349.83887100792,4472.1209652967555,-122.28209428883565
304,2018-07-14,4389.613628174595,4162.12192797345,227.49170020114525
305,2018-07-18,4429.38838534127,4307.277296355994,122.11108898527618
306,2018-07-22,4426.23183509053,4574.636186194823,-148.4043511042928
307,2018-07-26,4423.07528483979,4380.336577802606,42.7387070371833
308,2018-07-30,4300.52797857692,4405.7033973038915,-105.17541872697166
309,2018-08-03,4368.47985913366,3995.0713380856696,373.4085210479907
310,2018-08-07,4404.07987931185,4801.875544561697,-397.79566524984693
311,2018-08-11,4324.213098947876,4456.138360863924,-131.92526191604884
312,2018-08-15,4244.3463185839,3953.1283484314745,291.21797015242555
313,2018-08-19,4282.408578145335,4003.041043976128,279.3675341692069
314,2018-08-23,4320.47083770677,4759.928312780071,-439.4574750733009
315,2018-08-27,4423.99721796757,4410.149497245702,13.847720721867518
316,2018-08-31,4422.30348765778,4479.55388676525,-57.25039910747
317,2018-09-04,4396.80358362606,4162.362963695669,234.4406199303903
318,2018-09-08,4319.26895163817,4344.515024767945,-25.24607312977514
319,2018-09-12,4241.73431965028,4194.419663088832,47.31465656144792
320,2018-09-16,4287.273229798129,4285.055075591849,2.2181542062799053
321,2018-09-20,4332.81213994598,4546.889483477945,-214.0773435319652
322,2018-09-24,4329.0099753378,4397.228740817929,-68.21876548012915
323,2018-09-28,4325.69319334275,4105.25656143511,220.43663190764073
324,2018-10-02,4310.79822537119,4248.762208766205,62.03601660498498
325,2018-10-06,4131.091843422965,4389.318795731947,-258.2269523089817
326,2018-10-10,3951.38546147474,3684.6691169430937,266.7163445316464
327,2018-10-14,3970.06091445834,3748.377952233611,221.68296222472918
328,2018-10-18,3988.73636744194,4485.93630518762,-497.19993774568
329,2018-10-22,3983.08247986181,4102.4005473276975,-119.31806746588745
330,2018-10-26,3792.57200706802,3673.234809697772,119.33719737024785
331,2018-10-30,3815.67444079416,3151.3017906169666,664.3726501771935
332,2018-11-03,3950.721771561115,4358.024927115102,-407.3031555539874
333,2018-11-07,4085.76910232807,4455.122145295332,-369.35304296726235
334,2018-11-11,4039.72869339107,4144.8872964290495,-105.15860303797945
335,2018-11-15,3993.68828445407,3338.700980545595,654.987303908475
336,2018-11-19,3826.70427982532,4006.119082982641,-179.41480315732088
337,2018-11-23,3834.44164174169,3657.433294704516,177.0083470371742
338,2018-11-27,3908.73877284002,4261.981366655367,-353.2425938153474
339,2018-12-01,3911.706034087785,4094.8294612204386,-183.12342713265343
340,2018-12-05,3914.67329533555,3718.051412155776,196.62188317977416
341,2018-12-09,3917.6405565833143,3684.970283578566,232.6702730047482
342,2018-12-13,3920.60781783108,4043.9071146864744,-123.29929685539446
343,2018-12-17,3754.22239465422,4006.304761541784,-252.08236688756415
344,2018-12-21,3539.26301574999,3241.123686347695,298.1393294022946
345,2018-12-25,3602.3096395947964,3234.338851090253,367.97078850454363
346,2018-12-29,3665.356263439604,4301.058578365632,-635.7023149260276
347,2019-01-02,3728.40288728441,3873.924590761035,-145.52170347662468
348,2019-01-06,3802.7406721638754,3492.456553907838,310.28411825603735
349,2019-01-10,3877.07845704334,3701.72447744173,175.35397960161026
350,2019-01-14,3828.08745365142,4118.833540637129,-290.74608698570864
351,2019-01-18,3971.49198413786,3548.6668275111524,422.82515662670767
352,2019-01-22,3874.74118791025,4451.223524614789,-576.4823367045392
353,2019-01-26,3987.07536895802,3457.5169011663,529.55846779172
354,2019-01-30,4099.40955000579,4387.759169723549,-288.3496197177592
355,2019-02-03,4167.04280591581,4221.294060319003,-54.25125440319243
356,2019-02-07,4234.67606182583,4243.835900745931,-9.15983892010081
357,2019-02-11,4248.12912538059,4031.9621365685252,216.16698881206503
358,2019-02-15,4347.41992102174,4326.527809653681,20.892111368058977
359,2019-02-19,4345.74751407711,4626.547150042309,-280.79963596519883
360,2019-02-23,4359.7136965542,4181.581079655063,178.13261689913725
361,2019-02-27,4373.67987903129,4362.636521553995,11.043357477294194
362,2019-03-03,4329.771022636714,4386.087794183946,-56.31677154723184
363,2019-03-07,4285.86216624214,4281.376496294345,4.4856699477950315
364,2019-03-11,4376.23837111785,4170.8950244136895,205.34334670416047
365,2019-03-15,4470.38167834942,4764.008150735533,-293.62647238611225
366,2019-03-19,4499.18043462395,4608.16334619985,-108.98291157590029
367,2019-03-23,4461.013460980859,4266.746589980703,194.26687100015624
368,2019-03-27,4422.84648733777,4218.18753576235,204.65895157541945
369,2019-03-31,4544.308018002696,4515.249964261668,29.058053741028743
370,2019-04-04,4665.76954866762,5047.99252896323,-382.2229802956099
371,2019-04-08,4717.32150231689,4790.668781252233,-73.34727893534364
372,2019-04-12,4766.14450307232,4473.300103183021,292.844399889299
373,2019-04-16,4809.80274167461,4713.365008152077,96.43773352253265
374,2019-04-20,4845.143393378815,4997.052159738805,-151.9087663599903
375,2019-04-24,4880.48404508302,4909.539008620552,-29.054963537531876
376,2019-04-28,4856.23965578375,4879.468723075696,-23.229067291946194
377,2019-05-02,4831.99526648448,4733.321183141175,98.67408334330503
378,2019-05-06,4802.20362390119,4808.627782347651,-6.424158446460751
379,2019-05-10,4630.4803497792,4805.937633629848,-175.4572838506483
380,2019-05-14,4521.75633191829,4239.712132972824,282.0441989454657
381,2019-05-18,4468.8435960639545,4492.350607516192,-23.507011452237748
382,2019-05-22,4415.93086020962,4635.903942519222,-219.97308230960243
383,2019-05-26,4361.67034531096,4394.302873014102,-32.63252770314193
384,2019-05-30,4307.4098304123,4136.500084459268,170.90974595303214
385,2019-06-03,4170.02010435732,4257.618835393836,-87.59873103651626
386,2019-06-07,4435.7982408584,3918.171422348823,517.6268185095773
387,2019-06-11,4517.50556143208,5424.2490129143125,-906.7434514822326
388,2019-06-15,4531.941005998709,4342.558544384619,189.38246161409006
389,2019-06-19,4546.37645056534,4144.347164747202,402.0292858181374
390,2019-06-23,4590.74001701919,4418.148167903275,172.59184911591547
391,2019-06-27,4635.10358347304,5096.213559604467,-461.1099761314272
392,2019-07-01,4766.30733883208,4609.5058815306265,156.8014573014534
393,2019-07-05,4757.68466326251,4988.479505627768,-230.79484236525786
394,2019-07-09,4767.52462096687,4481.7606787885925,285.76394217827783
395,2019-07-13,4793.837169463005,4755.498029117404,38.339140345600754
396,2019-07-17,4820.14971795914,4911.800569439293,-91.6508514801535
397,2019-07-21,4890.7538188349,4967.640612793935,-76.88679395903546
398,2019-07-25,4961.35791971066,4932.2511783741,29.106741336559935
399,2019-07-29,4952.95605410205,5033.94801941138,-80.99196530933023
400,2019-08-02,4655.56428536653,4776.695026551849,-121.13074118531858
401,2019-08-06,4531.81387090084,3811.9180253391432,719.8958455616967
402,2019-08-10,4538.71507614897,4805.6641688082755,-266.9490926593053
403,2019-08-14,4545.6162813971,5065.311622954623,-519.6953415575235
404,2019-08-18,4625.057139388175,4538.858482444149,86.19865694402597
405,2019-08-22,4704.49799737925,4450.5635011025615,253.93449627668815
406,2019-08-26,4595.86099754784,4811.403053336326,-215.5420557884854
407,2019-08-30,4693.40934541368,4169.396394699661,524.0129507140191
408,2019-09-03,4636.63766746885,5114.283728030997,-477.6460605621469
409,2019-09-07,4775.487702481025,4503.129571500888,272.3581309801366
410,2019-09-11,4914.3377374932,5207.501406996053,-293.16366950285374
411,2019-09-15,4896.130073544615,4945.473149960852,-49.343076416237636
412,2019-09-19,4877.92240959603,4653.397851346216,224.5245582498137
413,2019-09-23,4830.12634358136,4647.182648222207,182.94369535915303
414,2019-09-27,4731.76977108485,4974.710266674119,-242.94049558926963
415,2019-10-01,4719.82898549372,4636.218927560061,83.61005793365894
416,2019-10-05,4716.181245450185,4791.667069297904,-75.48582384771908
417,2019-10-09,4712.53350540665,4787.699744018894,-75.16623861224434
418,2019-10-13,4788.297418472185,4651.176475489165,137.12094298302054
419,2019-10-17,4864.06133153772,4917.637705595472,-53.57637405775131
420,2019-10-21,4873.15252220716,4988.168851357567,-115.01632915040773
421,2019-10-25,4923.93877878711,4703.014410104005,220.92436868310506
422,2019-10-29,4958.12736772679,5000.880993405535,-42.753625678745266
423,2019-11-02,5008.492151172764,5065.252412577712,-56.760261404947414
424,2019-11-06,5058.85693461874,5093.57900601262,-34.72207139388047
425,2019-11-10,5088.534233633895,5057.9353623494235,30.598871284471898
426,2019-11-14,5118.21153264905,5102.953011609876,15.258521039174411
427,2019-11-18,5162.08117616057,5127.877848204248,34.20332795632203
428,2019-11-22,5093.3157120571,5257.973298975913,-164.65758691881274
429,2019-11-26,5178.3315892594,4835.109810515307,343.22177874409317
430,2019-11-30,5136.706016653065,5513.3483978995555,-376.6423812464909
431,2019-12-04,5095.08044404673,4953.6109635845805,141.46948046214948
432,2019-12-08,5199.468689007845,5002.170618486455,197.2980705213895
433,2019-12-12,5303.85693396896,5509.040685949021,-205.18375198006106
434,2019-12-16,5363.46741397026,5578.983170707132,-215.51575673687148
435,2019-12-20,5460.6049857655,5147.769795633675,312.8351901318247
436,2019-12-24,5471.90742248712,5536.924519313577,-65.01709682645651
437,2019-12-28,5513.955565837552,5454.118560224736,59.83700561281603
438,2020-01-01,5556.003709187985,5605.993495930483,-49.98978674249793
439,2020-01-05,5598.051852538418,5619.007552158581,-20.955699620163614
440,2020-01-09,5640.09999588885,5689.031597351237,-48.931601462387334
441,2020-01-13,5681.6123866417,5612.1139926781125,69.49839396358766
442,2020-01-17,5736.06476226142,5740.658128946117,-4.593366684697685
443,2020-01-21,5733.20281097867,5813.721576528804,-80.51876555013405
444,2020-01-25,5675.48921870849,5628.175061428469,47.31415728002048
445,2020-01-29,5617.77562643831,5508.211449806379,109.56417663193042
446,2020-02-02,5710.74690495461,5597.712217033358,113.03468792125204
447,2020-02-06,5803.71818347091,6160.752082768444,-357.03389929753394
448,2020-02-10,5798.66073364832,5897.557835775826,-98.8971021275056
449,2020-02-14,5907.67304728843,5462.150050750309,445.52299653812133
450,2020-02-18,5867.19962170448,6129.494731462161,-262.29510975768153
451,2020-02-22,5596.271345434895,5730.864437191321,-134.59309175642557
452,2020-02-26,5325.34306916531,4875.289822747274,450.053246418036
453,2020-03-01,5261.38063968583,5044.954948237617,216.425691448213
454,2020-03-05,5197.41821020635,5914.290962931774,-716.8727527254241
455,2020-03-09,4690.86130305012,5184.92090536445,-494.0596023143298
456,2020-03-13,4660.57725624427,3083.3030305520033,1577.2742256922666
457,2020-03-17,4373.61714724023,5353.432090017936,-979.8149427777062
458,2020-03-21,4407.562035290175,4118.75365722496,288.80837806521504
459,2020-03-25,4441.50692334012,4890.2913996493435,-448.78447630922346
460,2020-03-29,4450.258463137725,4138.357681425816,311.9007817119091
461,2020-04-02,4459.01000293533,4592.833185648617,-133.82318271328677
462,2020-04-06,4783.1594272207,4120.876270964019,662.2831562566817
463,2020-04-10,4939.4913703249895,5886.641418238018,-947.1500479130282
464,2020-04-14,5095.82331342928,4815.1140367041635,280.70927672511607
465,2020-04-18,5087.6152518662,4977.581867829255,110.03338403694488
466,2020-04-22,5079.40719030312,4732.005755223061,347.40143508005895
467,2020-04-26,5156.70597613994,5358.615249792597,-201.90927365265725
468,2020-04-30,5234.00476197676,5420.3255752200375,-186.32081324327737
469,2020-05-04,5048.17506202478,5411.210445985187,-363.03538396040676
470,2020-05-08,5355.32055027058,4221.7654331967115,1133.5551170738681
471,2020-05-12,5236.08925477828,6491.2582093564115,-1255.168954578132
472,2020-05-16,5374.794007815675,4625.722306226384,749.0717015892915
473,2020-05-20,5513.49876085307,5725.486411842201,-211.987650989131
474,2020-05-24,5506.35438391432,5550.089794025035,-43.73541011071484
475,2020-05-28,5499.21000697557,5579.434546373741,-80.22453939817115
476,2020-06-01,5610.48868098063,5078.774348477145,531.7143325034849
477,2020-06-05,5915.47224395666,6208.03326985792,-292.5610259012592
478,2020-06-09,5915.05241397051,6657.2176612918975,-742.1652473213871
479,2020-06-13,5896.99989104184,5185.909169316499,711.0907217253407
480,2020-06-17,5878.94736811317,5613.735618421949,265.2117496912215
481,2020-06-21,5871.52714518237,6064.386132501505,-192.85898731913494
482,2020-06-25,5864.10692225157,6196.834805415973,-332.72788316440347
483,2020-06-29,5834.06127618056,5683.708421228125,150.35285495243443
484,2020-07-03,5949.921265407885,5744.169920182035,205.75134522584995
485,2020-07-07,6065.78125463521,6320.783994697556,-255.00274006234667
486,2020-07-11,6100.965535495056,6208.880978778963,-107.91544328390682
487,2020-07-15,6136.1498163549,5886.2517080290545,249.8981083258459
488,2020-07-19,6148.55450285848,6069.050927995775,79.50357486270514
489,2020-07-23,6160.95918936206,6273.501161220314,-112.54197185825433
490,2020-07-27,6178.71503743519,6221.269297674977,-42.554260239786345
491,2020-07-31,6300.77031648788,6176.075855020897,124.69446146698374
492,2020-08-04,6434.51294267549,6623.654352534837,-189.14140985934682
493,2020-08-08,6397.4871380010045,6572.906206088272,-175.41906808726708
494,2020-08-12,6360.46133332652,5966.246307490838,394.21502583568144
495,2020-08-16,6380.29782234497,6251.8701037092405,128.42771863572943
496,2020-08-20,6400.13431136342,6696.8278683873,-296.6935570238802
497,2020-08-24,6458.27266437769,6530.1576823921005,-71.88501801441089
498,2020-08-28,6658.11569461075,6436.13450246728,221.98119214347025
499,2020-09-01,6781.63443638922,7078.772844294086,-297.13840790486574
500,2020-09-05,6538.236443300645,6773.638959216734,-235.40251591608921
501,2020-09-09,6294.83845021207,5497.123186559088,797.7152636529818
502,2020-09-13,6268.08537245137,6045.643391222393,222.44198122897706
503,2020-09-17,6241.33229469067,7059.433306579575,-818.1010118889053
504,2020-09-21,6163.55846269291,6391.889186164199,-228.33072347128837
505,2020-09-25,6267.16701419538,5597.276659533427,669.8903546619531
506,2020-09-29,6394.8039164298,6565.645349915638,-170.84143348583802
507,2020-10-03,6470.150253365395,6740.403824867099,-270.25357150170385
508,2020-10-07,6545.49659030099,6335.050422862365,210.4461674386248
509,2020-10-11,6665.594088087365,6461.169298974691,204.42478911267426
510,2020-10-15,6785.69158587374,7003.242686869201,-217.55110099546073
511,2020-10-19,6687.58006151223,6952.286492181039,-264.70643066880893
512,2020-10-23,6659.52577161124,6130.152308333377,529.3734632778633
513,2020-10-27,6531.36494481368,6726.722608027678,-195.3576632139975
514,2020-10-31,6635.781286236335,6429.250660106694,206.53062612964095
515,2020-11-04,6740.19762765899,7229.353686137772,-489.15605847878123
516,2020-11-08,6785.131091518275,6756.756307589039,28.37478392923549
517,2020-11-12,6830.06455537756,6636.181225171649,193.88333020591108
518,2020-11-16,6995.15454589093,6674.587168624075,320.56737726685515
519,2020-11-20,6927.57629951116,7564.09572260371,-636.5194230925499
520,2020-11-24,7028.8776274307,6480.215303162144,548.6623242685564
521,2020-11-28,7151.50440735912,7295.709103444358,-144.20469608523854
522,2020-12-02,7274.13118728754,7432.597060849491,-158.4658735619505
523,2020-12-06,7274.9789589108605,7471.241284412856,-196.2623255019953
524,2020-12-10,7275.82673053418,6798.979257161266,476.84747337291356
525,2020-12-14,7327.02855107648,7363.464330425761,-36.43577934928089
526,2020-12-18,7526.35656572197,7580.4730098319915,-54.1164441100218
527,2020-12-22,7563.768786547,8065.139128736485,-501.3703421894852
528,2020-12-26,7546.802758969015,7198.965034852824,347.83772411619066
529,2020-12-30,7529.83673139103,7278.9257378427765,250.91099354825383
530,2021-01-03,7600.299765658105,7585.336599864011,14.963165794093584
531,2021-01-07,7670.76279992518,8057.859337554902,-387.09653762972175
532,2021-01-11,7723.37912569862,7677.834188849887,45.544936848732505
533,2021-01-15,7729.11702217388,7640.1345684470925,88.98245372678775
534,2021-01-19,7918.94926705107,7598.132960798998,320.8163062520716
535,2021-01-23,7733.92754777927,8505.362597328409,-771.435049549139
536,2021-01-27,7548.90582850747,6928.34144202,620.5643864874701
537,2021-01-31,7759.638089034295,7225.164476160751,534.473612873544
538,2021-02-04,7970.37034956112,8846.93499739643,-876.564647835311
539,2021-02-08,8121.08556191323,8522.802174712353,-401.71661279912314
540,2021-02-12,8470.04773534683,7616.65078342832,853.3969519185102
541,2021-02-16,8480.85728836879,8936.783847782353,-455.92655941356315
542,2021-02-20,8344.270781853069,8175.244390810814,169.02639104225455
543,2021-02-24,8207.68427533735,7812.243509126582,395.44076621076783
544,2021-02-28,7801.514594717324,8189.013480843642,-387.4988861263182
545,2021-03-04,7395.3449140973,7353.299568623603,42.045345473697125
546,2021-03-08,7197.58679467392,6869.485569989175,328.1012246847449
547,2021-03-12,7660.99989441831,7504.382068742064,156.61782567624596
548,2021-03-16,7852.58242259248,9475.333770819818,-1622.751348227338
549,2021-03-20,7723.662461686665,7235.824021641028,487.83844004563707
550,2021-03-24,7594.74250078085,6352.5599648930065,1242.1825358878432
551,2021-03-28,7849.137474217825,7411.287722728018,437.8497514898072
552,2021-04-01,8103.5324476548,9612.351080451333,-1508.8186327965332
553,2021-04-05,8245.20379191188,8392.636849895163,-147.43305798328402
554,2021-04-09,8304.7365301821,7679.988241198428,624.748288983671
555,2021-04-13,8328.01091304479,7985.617353231481,342.3935598133103
556,2021-04-17,8270.64882620896,8607.160307984363,-336.511481775402
557,2021-04-21,8213.28673937313,8202.323050647237,10.963688725893007
558,2021-04-25,8249.94587152237,8165.434302845061,84.51156867730879
559,2021-04-29,8286.60500367161,8493.17293475592,-206.56793108430975
560,2021-05-03,8022.73334243989,8351.285132972282,-328.55179053239135
561,2021-05-07,7939.97532742664,7094.7276584255405,845.2476690010999
562,2021-05-11,7718.92759667291,8120.832551917152,-401.90495524424205
563,2021-05-15,7704.46444028023,7553.8992661822995,150.56517409793014
564,2021-05-19,7690.00128388755,8090.803012349953,-400.80172846240293
565,2021-05-23,7854.941077016065,7502.325741591278,352.6153354247872
566,2021-05-27,8019.88087014458,8365.346475604563,-345.46560545998364
567,2021-05-31,8065.3778184535295,7980.985730431663,84.39208802186658
568,2021-06-04,8110.87476676248,7874.9018578978375,235.9729088646427
569,2021-06-08,8092.62569714055,8047.002689294136,45.62300784641411
570,2021-06-12,8157.099289266875,8165.119654417039,-8.020365150164253
571,2021-06-16,8221.5728813932,8440.395619110272,-218.8227377170715
572,2021-06-20,8366.093408071505,8267.444595105706,98.64881296579915
573,2021-06-24,8510.61393474981,8625.059409908366,-114.44547515855629
574,2021-06-28,8657.39384256547,8568.614645714168,88.77919685130291
575,2021-07-02,8675.76101279796,8792.85830174771,-117.09728894974978
576,2021-07-06,8675.65493350189,8415.893582199828,259.7613513020624
577,2021-07-10,8633.11016789596,8686.578148884064,-53.46798098810359
578,2021-07-14,8590.56540229003,8617.253610289303,-26.68820799927198
579,2021-07-18,8627.261063773494,8640.558774630963,-13.2977108574687
580,2021-07-22,8663.95672525696,8774.450151466805,-110.49342620984498
581,2021-07-26,8726.62215560758,8716.26298945384,10.359166153739352
582,2021-07-30,8886.17448569309,8745.874774549357,140.29971114373438
583,2021-08-03,8942.2695422901,9172.541649994248,-230.27210770414786
584,2021-08-07,8906.583465749864,8840.92263843881,65.66082731105416
585,2021-08-11,8870.89738920963,8610.1483966994,260.7489925102291
586,2021-08-15,8793.858727250465,8875.48882626,-81.63009900953512
587,2021-08-19,8716.8200652913,8837.51371706823,-120.69365177692998
588,2021-08-23,8970.53459263718,8631.79097581557,338.74361682161
589,2021-08-27,9181.58413108116,9796.032726466437,-614.4485953852782
590,2021-08-31,9139.06890201599,9346.36660344585,-207.29770142985944
591,2021-09-04,9125.326956772817,8346.978851521908,778.3481052509087
592,2021-09-08,9111.58501152964,8995.722674732344,115.86233679729594
593,2021-09-12,9162.68370496396,9529.125187424104,-366.44148246014447
594,2021-09-16,9213.78239839828,9432.788988153645,-219.00658975536498
595,2021-09-20,8885.11808081768,9096.215394820892,-211.0973140032129
596,2021-09-24,9115.73215342914,7839.7384263037975,1275.993727125343
597,2021-09-28,8697.59966771449,10304.503745573795,-1606.9040778593044
598,2021-10-02,8644.341642944779,7472.989421368538,1171.3522215762405
599,2021-10-06,8591.08361817507,9007.060453895958,-415.97683572088863
600,2021-10-10,8733.707896681619,8508.581346859679,225.12654982194
601,2021-10-14,8876.33217518817,9655.5642908513,-779.2321156631297
602,2021-10-18,9020.86588261349,8413.602779991535,607.2631026219551
603,2021-10-22,9177.47398298703,9228.931655567605,-51.45767258057458
604,2021-10-26,9192.87447640164,9238.535989301594,-45.66151289995469
605,2021-10-30,9323.67659902319,9071.43587471804,252.24072430515116
606,2021-11-03,9454.47872164474,9648.176911252174,-193.69818960743396
607,2021-11-07,9552.748356242391,9696.01991074402,-143.271554501629
608,2021-11-11,9651.01799084004,9590.54065617655,60.47733466349018
609,2021-11-15,9712.20130813189,9594.734438586043,117.46686954584584
610,2021-11-19,9846.56182549885,9802.74146571647,43.820359782379455
611,2021-11-23,9539.6693320271,10131.04903406937,-591.3797020422699
612,2021-11-27,9407.726892748611,8453.028162234797,954.6987305138136
613,2021-12-01,9275.78445347012,9544.924402279776,-269.13994880965583
614,2021-12-05,9361.94147940939,9439.67347265502,-77.73199324563029
615,2021-12-09,9448.09850534866,10005.122841716553,-557.0243363678928
616,2021-12-13,9373.76052545614,9167.758840541353,206.0016849147869
617,2021-12-17,9219.3532036077,8939.291259486325,280.06194412137484
618,2021-12-21,9431.28300417297,8788.092687874621,643.190316298349
619,2021-12-25,9544.087629307423,10560.835349672025,-1016.7477203646013
620,2021-12-29,9656.89225444188,9646.389224812361,10.503029629519006
621,2022-01-02,9387.3205120554,9421.359019191177,-34.03850713577776
622,2022-01-06,9117.74876966892,8245.022684808799,872.7260848601218
623,2022-01-10,8991.19789822805,9121.485289352764,-130.2873911247134
624,2022-01-14,8983.1965995119,9372.702839855494,-389.50624034359316
625,2022-01-18,8678.99231242613,9419.109759592104,-740.1174471659742
626,2022-01-22,8366.45722289797,7499.023331176834,867.4338917211362
627,2022-01-26,8053.92213336981,7851.977450695876,201.94468267393404
628,2022-01-30,8156.76459189609,7997.325763309127,159.4388285869627
629,2022-02-03,8259.60705042237,9260.135090695761,-1000.5280402733915
630,2022-02-07,8344.11540299956,8196.193866555908,147.92153644365135
631,2022-02-11,8221.37603902419,8052.758062425251,168.61797659893818
632,2022-02-15,8541.59273622297,7477.933721875906,1063.6590143470648
633,2022-02-19,8147.463526897275,9917.759929792459,-1770.2964028951837
634,2022-02-23,7753.33431757158,6658.840332739526,1094.4939848320537
635,2022-02-27,7917.11462141517,7099.89110250301,817.2235189121602
636,2022-03-03,8080.89492525876,9273.176608802336,-1192.281683543576
637,2022-03-07,7492.4366124123,8947.98541780555,-1455.5488053932504
638,2022-03-11,7440.16336573218,4670.884369992423,2769.278995739757
639,2022-03-15,7431.49471057484,8003.293667513344,-571.7989569385045
640,2022-03-19,7771.890730640394,8457.643433014793,-685.7527023743987
641,2022-03-23,8112.28675070595,8753.17987515007,-640.8931244441201
642,2022-03-27,8216.172616004254,7649.62225398855,566.5503620157042
643,2022-03-31,8320.05848130256,7908.199672275597,411.8588090269632
644,2022-04-04,8495.5245038351,8237.305667979621,258.2188358554795
645,2022-04-08,7836.41289957942,9201.805004868786,-1365.3921052893656
646,2022-04-12,7641.80428731265,5822.880102557073,1818.9241847555768
647,2022-04-16,7672.30228677971,8066.0420975248035,-393.73981074509356
648,2022-04-20,7702.80028624677,8750.575237212364,-1047.7749509655941
649,2022-04-24,7578.73234111909,7901.686085103221,-322.9537439841306
650,2022-04-28,7454.66439599141,6214.1952953048385,1240.4691006865714
651,2022-05-02,7282.94204186451,7472.699139396185,-189.75709753167484
652,2022-05-06,6879.37953880477,7286.899257579204,-407.5197187744334
653,2022-05-10,6618.7612515929,6151.627527239944,467.13372435295605
654,2022-05-14,6549.858082536765,6556.501864311717,-6.643781774952004
655,2022-05-18,6480.95491348063,7044.418062155996,-563.463148675366
656,2022-05-22,6668.622629671085,6409.042021339809,259.58060833127547
657,2022-05-26,6856.29034586154,6935.561103734486,-79.27075787294598
658,2022-05-30,6966.049992950046,7019.481274060741,-53.431281110695636
659,2022-06-03,7075.80964003855,6842.6163498515725,233.19329018697772
660,2022-06-07,7205.86504773984,7030.707339397864,175.1577083419752
661,2022-06-11,6806.829408558285,7590.053028134336,-783.2236195760515
662,2022-06-15,6407.79376937673,5505.6112754198375,902.1824939568924
663,2022-06-19,6408.08737602347,5936.549731622821,471.5376444006488
664,2022-06-23,6408.38098267021,7543.0863163810445,-1134.7053337108346
665,2022-06-27,6627.79901762407,6744.217371182514,-116.41835355844432
666,2022-07-01,6252.35786828572,6597.139216382866,-344.7813480971463
667,2022-07-05,6407.34982808787,4574.4359033379715,1832.9139247498988
668,2022-07-09,6366.15137429673,7565.892640237051,-1199.7412659403208
669,2022-07-13,6324.95292050559,6334.702379670291,-9.749459164700966
670,2022-07-17,6656.85936631364,6336.744619682366,320.1147466312741
671,2022-07-21,6988.76581212169,7142.417654857786,-153.6518427360961
672,2022-07-25,6746.17351096133,7763.393945330219,-1017.2204343688891
673,2022-07-29,7032.7850117364,5051.388325023597,1981.3966867128029
674,2022-08-02,7070.59887429945,8035.851231772849,-965.2523574733996
675,2022-08-06,7199.497924073339,7362.7852245881195,-163.28730051478033
676,2022-08-10,7328.39697384723,7400.913524504276,-72.51655065704654
677,2022-08-14,7308.985821513235,6998.9315167633085,310.0543047499268
678,2022-08-18,7289.57466917924,7416.648176893978,-127.0735077147383
679,2022-08-22,6858.1085164595,7063.513045633714,-205.40452917421408
680,2022-08-26,6739.05664146728,5862.906354728359,876.1502867389217
681,2022-08-30,6579.52794506439,7262.341259058923,-682.813313994533
682,2022-09-03,6473.97686304797,6598.649472015036,-124.67260896706557
683,2022-09-07,6368.42578103155,6457.013003235816,-88.58722220426534
684,2022-09-11,6312.25049935312,5861.8609071744995,450.38959217862066
685,2022-09-15,6256.07521767469,6512.886286763994,-256.8110690893036
686,2022-09-19,6223.61874285099,6144.069643549645,79.54909930134545
687,2022-09-23,5838.35606414856,6226.007467754331,-387.6514036057706
688,2022-09-27,5825.00348602423,4791.028734768527,1033.9747512557033
689,2022-10-01,5993.9825313696,6483.344172824123,-489.3616414545231
690,2022-10-05,6162.96157671497,6769.117006854885,-606.1554301399156
691,2022-10-09,5860.60031394661,6257.813450564697,-397.21313661808654
692,2022-10-13,5558.23905117825,4129.521161002287,1428.7178901759626
693,2022-10-17,5545.59800060927,5362.597281618913,183.0007189903563
694,2022-10-21,5734.36458166972,6545.869084222121,-811.5045025524014
695,2022-10-25,5924.91616389633,6571.381728445839,-646.4655645495095
696,2022-10-29,5736.86960019136,5602.780867097677,134.088733093683
697,2022-11-02,5548.82303648639,4532.401976552571,1016.4210599338194
698,2022-11-06,5797.0679535634845,5406.734669858875,390.33328370460913
699,2022-11-10,6045.31287064058,7256.111528057634,-1210.7986574170545
700,2022-11-14,6165.00890857009,6528.5104506385915,-363.5015420685013
701,2022-11-18,6059.44478813657,5471.37905144618,588.0657366903906
702,2022-11-22,6072.84780201662,5286.507806507075,786.3399955095456
703,2022-11-26,6162.66304263734,6662.942970438381,-500.2799278010407
704,2022-11-30,6252.47828325806,6651.759203088194,-399.2809198301338
705,2022-12-04,6168.333300828735,6304.269145810195,-135.93584498145992
706,2022-12-08,6084.18831839941,5503.240758910931,580.9475594884789
707,2022-12-12,6189.57610541764,6022.968120491062,166.60798492657796
708,2022-12-16,5970.97115965577,6822.475543788955,-851.5043841331853
709,2022-12-20,5862.82288335799,5278.428434247537,584.394449110453
710,2022-12-24,5722.698661213165,5688.565819183223,34.13284202994237
711,2022-12-28,5582.57443906834,5677.228171954394,-94.65373288605406
712,2023-01-01,5615.032135350621,5659.969577812512,-44.937442461891806
713,2023-01-05,5647.4898316329,5722.10453579129,-74.61470415838994
714,2023-01-09,5930.79925375718,5768.409154731373,162.3900990258071
715,2023-01-13,6150.90293341999,6504.465583541282,-353.5626501212919
716,2023-01-17,6176.48155663336,6158.514249114457,17.967307518903
717,2023-01-21,6266.34363598641,5751.753724601141,514.5899113852693
718,2023-01-25,6356.20571533946,6369.566306775312,-13.360591435852257
719,2023-01-29,6677.656876718015,6794.1368850277895,-116.48000830977435
720,2023-02-02,6999.10803809657,7440.664823114846,-441.55678501827515
721,2023-02-06,6710.16167034915,7168.937472298667,-458.7758019495168
722,2023-02-10,6674.5788050396,5176.4471697476965,1498.1316352919039
723,2023-02-14,6909.0693075962,6944.713632014793,-35.64432441859299
724,2023-02-18,6721.45296987716,8268.227078644368,-1546.7741087672075
725,2023-02-22,6533.83663215812,5940.303404078028,593.5332280800922
726,2023-02-26,6590.33921243034,5600.620470321657,989.7187421086828
727,2023-03-02,6646.84179270256,7418.9753981329795,-772.1336054304193
728,2023-03-06,6707.65624365655,7122.513471011987,-414.8572273554373
729,2023-03-10,6432.29041715319,6323.673175131748,108.6172420214416
730,2023-03-14,6632.83917804606,5407.804988497903,1225.034189548157
731,2023-03-18,6685.725680432065,7824.868957743949,-1139.143277311884
732,2023-03-22,6738.61218281807,6752.606775206983,-13.994592388912679
733,2023-03-26,6872.661948585505,6605.6174667855375,267.0444817999678
734,2023-03-30,7006.71171435294,6785.390862915156,221.32085143778477
735,2023-04-03,7064.5567704567,7516.770997958855,-452.21422750215515
736,2023-04-07,6975.405081441921,6830.835943710748,144.5691377311723
737,2023-04-11,6886.25339242714,6572.702657483552,313.5507349435884
738,2023-04-15,6861.14380037366,6905.47285489678,-44.32905452311934
739,2023-04-19,6836.03420832018,7116.131940548104,-280.0977322279232
740,2023-04-23,6751.25978531876,6854.133948793503,-102.874163474743
741,2023-04-27,6666.48536231734,6418.921458649707,247.56390366763299
742,2023-05-01,6722.09205281838,6542.384898809976,179.70715400840345
743,2023-05-05,6712.39922650745,7116.600561324839,-404.20133481738867
744,2023-05-09,6702.68512226959,6623.617294360605,79.06782790898433
745,2023-05-13,6869.094715579665,6541.734210204866,327.3605053747988
746,2023-05-17,7035.50430888974,7320.5664509672415,-285.06214207750145
747,2023-05-21,7185.0845672837095,7328.397060119586,-143.31249283587658
748,2023-05-25,7334.66482567768,7121.907518396113,212.75730728156668
749,2023-05-29,7546.593987649965,7378.538673419367,168.05531423059801
750,2023-06-02,7758.52314962225,7990.008995697453,-231.48584607520388
751,2023-06-06,7791.79129249564,7981.5655961851335,-189.77430368949354
752,2023-06-10,7946.39680236806,7443.702308933768,502.69449343429187
753,2023-06-14,8101.00231224048,8278.373807020555,-177.3714947800745
754,2023-06-18,7988.7207060082,8440.502094376228,-451.7813883680283
755,2023-06-22,7876.43909977592,7405.870628500863,470.56847127505716
756,2023-06-26,7746.33164507128,7579.610705410888,166.7209396603921
757,2023-06-30,8048.89499104954,7874.381822626286,174.51316842325468
758,2023-07-04,8080.028177922027,9287.076389376052,-1207.0482114540255
759,2023-07-08,8111.161364794513,7485.420559548189,625.7408052463243
760,2023-07-12,8142.294551667,7796.398351449153,345.89620021784685
761,2023-07-16,8148.732488279549,8124.589150766551,24.143337512998187
762,2023-07-20,8155.1704248921,8533.588329684078,-378.4179047919788
763,2023-07-24,8200.71676353739,7997.922898339833,202.79386519755644
764,2023-07-28,8522.97494570826,8336.51354236281,186.46140334544907
765,2023-08-01,8597.35739439416,9357.067064442836,-759.7096700486763
766,2023-08-05,8286.10791077009,8185.0128685022755,101.09504226781428
767,2023-08-09,7974.85842714602,7030.3772287626125,944.4811983834079
768,2023-08-13,7840.243835077221,7716.760546305392,123.48328877182848
769,2023-08-17,7705.62924300842,8651.06945149655,-945.4402084881303
770,2023-08-21,7915.81785993904,7655.664868793981,260.1529911450589
771,2023-08-25,7896.52352491193,8368.873265150325,-472.3497402383955
772,2023-08-29,8163.8932458764,7365.590131385954,798.3031144904462
773,2023-09-02,8270.375646360895,8767.395089952213,-497.0194435913181
774,2023-09-06,8376.85804684539,8073.367458095899,303.4905887494906
775,2023-09-10,8340.42778102176,8592.174404442583,-251.7466234208223
776,2023-09-14,8303.99751519813,7868.912181531583,435.08533366654774
777,2023-09-18,8126.1976737743,8533.912299836284,-407.71462606198384
778,2023-09-22,7855.82587696734,7714.291036345415,141.53484062192547
779,2023-09-26,7753.66867867351,7502.562592511431,251.106086162079
780,2023-09-30,7830.345853056669,7980.787569624458,-150.44171656778963
781,2023-10-04,7907.02302743983,8390.577761446422,-483.5547340065923
782,2023-10-08,8065.42385500678,7820.188117600951,245.23573740582924
783,2023-10-12,8223.82468257373,8068.561785121991,155.26289745173835
784,2023-10-16,8179.34271771222,8377.740534650324,-198.39781693810346
785,2023-10-20,7801.00127726931,7811.985141972246,-10.983864702936444
786,2023-10-24,7884.51541291113,6771.441311369714,1113.074101541416
787,2023-10-28,7799.996387493315,9005.223106371159,-1205.2267188778442
788,2023-11-01,7715.4773620755,7814.8142716266,-99.33690955109978
789,2023-11-05,7890.3066647704945,7330.153209894972,560.1534548755226
790,2023-11-09,8065.13596746549,8189.850993934039,-124.7150264685497
791,2023-11-13,8289.8760506328,8622.684276203316,-332.8082255705158
792,2023-11-17,8619.82727238026,8292.06140597542,327.76586640483947
793,2023-11-21,8671.4464454823,8984.12868465039,-312.68223916809075
794,2023-11-25,8772.859320452146,8340.911177132042,431.94814332010355
795,2023-11-29,8874.27219542199,8843.477264116984,30.794931305006685
796,2023-12-03,8860.63563124308,9170.02836586147,-309.39273461839
797,2023-12-07,8846.99906706417,8829.968668085106,17.03039897906274
798,2023-12-11,9095.47942088134,8634.214950453172,461.26447042816835
799,2023-12-15,9483.86006906906,9937.738524523755,-453.87845545469463
800,2023-12-19,9514.85608250246,10196.44541216918,-681.58932966672
801,2023-12-23,9587.508427548815,8624.593108138355,962.9153194104601
802,2023-12-27,9660.16077259517,9458.215718441694,201.94505415347703
803,2023-12-31,9379.535880620066,10098.226582443109,-718.6907018230431
804,2024-01-04,9098.91098864496,8729.31899778375,369.59199086121043
805,2024-01-08,9382.04175086425,8572.480130610353,809.5616202538968
806,2024-01-12,9534.17327075136,10989.003837600536,-1454.8305668491757
807,2024-01-16,9562.14100021265,9672.153286598963,-110.01228638631255
808,2024-01-20,9832.632207151426,8693.985195792586,1138.6470113588402
809,2024-01-24,10103.1234140902,10305.289094831054,-202.16568074085444
810,2024-01-28,9995.99387826031,10896.206973595396,-900.2130953350861
811,2024-02-01,9888.86434243042,9009.629662560912,879.2346798695071
812,2024-02-05,10017.6608229497,9555.589718185189,462.0711047645109
813,2024-02-09,10435.1199581834,11022.820558996635,-587.7006008132339
814,2024-02-13,10154.504323814,11600.368282527645,-1445.863958713644
815,2024-02-17,10046.94911264644,8207.305014179563,1839.644098466877
816,2024-02-21,9939.39390147888,9862.12947654682,77.26442493206014
817,2024-02-25,10175.58588178144,10371.850664897753,-196.26478311631217
818,2024-02-29,10411.777862084,11479.075045627938,-1067.2971835439384
819,2024-03-04,10606.4154849887,10130.215435933678,476.20004905502174
820,2024-03-08,10415.3295830867,10550.924925869778,-135.5953427830791
821,2024-03-12,10530.3508064364,9325.852543381432,1204.4982630549675
822,2024-03-16,10451.48497717405,11428.651603467439,-977.1666262933886
823,2024-03-20,10372.6191479117,10368.61718935054,4.001958561160791
824,2024-03-24,10396.4741405128,10247.32382249658,149.1503180162199
825,2024-03-28,10420.3291331139,10347.121542751269,73.20759036263189
826,2024-04-01,10463.6954162927,10746.075492030075,-282.3800757373756
827,2024-04-05,10306.5674405048,10341.857780777858,-35.29034027305897
828,2024-04-09,10400.3185842573,9728.613204032092,671.7053802252085
829,2024-04-13,10108.547554799195,10986.696548572483,-878.1489937732877
830,2024-04-17,9816.77652534109,9280.816279583825,535.9602457572655
831,2024-04-21,9855.3537463169,9446.182929077691,409.1708172392082
832,2024-04-25,9893.93096729271,10529.466375369644,-635.5354080769339
833,2024-04-29,10039.6395922689,10319.674160735238,-280.0345684663371
834,2024-05-03,9982.19499452969,9876.8491993594,105.34579517028942
835,2024-05-07,10076.021898986,9364.378149255159,711.6437497308416
836,2024-05-11,10265.15407487845,10549.376617611377,-284.22254273292674
837,2024-05-15,10454.2862507709,10728.953956482132,-274.667705711232
838,2024-05-19,10475.055196672249,10707.962856349348,-232.90765967709922
839,2024-05-23,10495.8241425736,9903.508513198514,592.3156293750853
840,2024-05-27,10308.7725430016,10547.73555157348,-238.96300857187998
841,2024-05-31,10121.7209434296,9943.220811531815,178.50013189778474
842,2024-06-04,10076.1819080976,10031.968543963822,44.21336413377867
843,2024-06-08,10400.3062042059,10352.319967494457,47.98623671144196
844,2024-06-12,10724.4305003142,11514.325080348777,-789.8945800345773
845,2024-06-16,10728.9896443444,10814.57553696564,-85.58589262124042
846,2024-06-20,10733.5487883746,9774.805106249925,958.7436821246738
847,2024-06-24,10582.2792112066,10596.64890829202,-14.36969708541983
848,2024-06-28,10790.6513761893,10633.83621159442,156.81516459488012
849,2024-07-02,10943.9899178207,11832.858020727084,-888.8681029063846
850,2024-07-06,11084.4801542004,10939.164330141528,145.31582405887275
851,2024-07-10,11224.9703905801,11001.65276286084,223.3176277192597
852,2024-07-14,10943.27873064905,11101.036648788291,-157.75791813924116
853,2024-07-18,10661.587070718,10163.951207086027,497.6358636319728
854,2024-07-22,10709.8563964677,10347.43428413831,362.4221123293901
855,2024-07-26,10219.7906477362,11685.823488370528,-1466.0328406343287
856,2024-07-30,9999.49743424509,9022.181073365573,977.3163608795167
857,2024-08-03,9667.353970423055,9731.74920667272,-64.39523624966569
858,2024-08-07,9335.21050660102,9379.582117894663,-44.37161129364176
859,2024-08-11,9852.63552669286,9302.38761839774,550.2479082951195
860,2024-08-15,10370.0605467847,11499.841402678494,-1129.780855893794
861,2024-08-19,10515.5089736124,11130.886036764956,-615.3770631525567
862,2024-08-23,10470.000864396,9235.141484563965,1234.8593798320362
863,2024-08-27,10313.1642934928,9567.242421885458,745.9218716073428
864,2024-08-31,10115.145710358283,10767.117988730275,-651.9722783719917
865,2024-09-04,9917.12712722377,10219.39341290742,-302.2662856836505
866,2024-09-08,9981.570209188983,9699.537024037747,282.03318515123647
867,2024-09-12,10046.0132911542,10502.122980976295,-456.1096898220949
868,2024-09-16,10092.9764981399,10072.517843422598,20.458654717302124
869,2024-09-20,10230.7476656039,9870.262708064818,360.48495753908173
870,2024-09-24,10331.3556819667,10374.042577982744,-42.68689601604456
871,2024-09-28,10335.752192941149,10538.91206574903,-203.15987280788067
872,2024-10-02,10340.1487039156,10103.509762844405,236.6389410711945
873,2024-10-06,10526.24188508955,10308.311857810502,217.93002727904786
874,2024-10-10,10712.3350662635,11193.43266452354,-481.0975982600394
875,2024-10-14,10924.4587015565,10936.69027855064,-12.231576994141506
876,2024-10-18,10554.184970575,10977.570778794507,-423.38580821950745
877,2024-10-22,10499.4543559428,9030.819464136743,1468.6348918060576
878,2024-10-26,10483.75205503525,11089.180742810106,-605.4286877748564
879,2024-10-30,10468.0497541277,11001.607903537568,-533.5581494098678
880,2024-11-03,10711.891380968753,10560.494695812098,151.3966851566547
881,2024-11-07,10955.7330078098,10850.394437140216,105.33857066958444
882,2024-11-11,10828.7135647681,11370.356190168997,-541.6426254008966
883,2024-11-15,10334.477521008,9848.700105502605,485.77741550539577
884,2024-11-19,10536.3360753133,9019.950842684186,1516.3852326291144
885,2024-11-23,10595.04444325215,12438.6756395765,-1843.6311963243497
886,2024-11-27,10653.752811191,10929.315628793305,-275.5628176023056
887,2024-12-01,10786.1309242494,10140.407873854378,645.7230503950232
888,2024-12-05,10918.5090373078,10529.623848023815,388.8851892839848
889,2024-12-09,10993.2052777511,11556.5158408845,-563.3105631334001
890,2024-12-13,10895.7330457926,10818.375352963956,77.35769282864385
891,2024-12-17,10917.7706681319,10444.348002990866,473.4226651410336
892,2024-12-21,10765.603492740123,11242.572840848472,-476.96934810834864
893,2024-12-25,10613.43631734835,10477.525718594652,135.91059875369865
894,2024-12-29,10461.269141956574,10429.472535990813,31.796605965761046
895,2025-01-02,10309.1019665648,10275.747654719926,33.354311844874246
896,2025-01-06,10739.5413415393,10333.087725352929,406.4536161863707
897,2025-01-10,10308.9467836907,12110.344669057085,-1801.3978853663848
898,2025-01-14,10329.9740554607,8343.445034202112,1986.5290212585878
899,2025-01-18,10689.33388709015,10672.778778575335,16.555108514814492
900,2025-01-22,11048.6937187196,12015.041318334166,-966.3475996145662
901,2025-01-26,10945.7294071455,11912.043738284297,-966.3143311387976
902,2025-01-30,10842.7650955714,8949.871501354195,1892.8935942172047
903,2025-02-03,10766.3193329073,10801.25079788999,-34.93146498269016
904,2025-02-07,10943.9605869872,11317.124622115496,-373.16403512829675
905,2025-02-11,11063.0025079824,11854.565911595466,-791.563403613065
906,2025-02-15,11275.800190972051,10781.48453760932,494.3156533627316
907,2025-02-19,11488.5978739617,11433.205664895868,55.3922090658325
908,2025-02-23,10887.3340734864,11614.515479988113,-727.1814065017134
909,2025-02-27,10286.0702730111,8937.334626837957,1348.7356461731433
910,2025-03-03,10168.982643541,9579.855409629541,589.1272339114585
911,2025-03-07,10044.2933628373,11639.214719610509,-1594.9213567732095
912,2025-03-11,9583.97315676122,10401.2768885304,-817.3037317691796
913,,,7637.805623107699,
