,Date,last_20_pred
0,2015-03-16,2384.35195898658
1,2015-03-20,2431.81382164863
2,2015-03-24,2401.91985658201
3,2015-03-28,2372.31608389881
4,2015-04-01,2342.71231121561
5,2015-04-05,2368.08355052371
6,2015-04-09,2393.45478983181
7,2015-04-13,2388.1180510145
8,2015-04-17,2366.24887251576
9,2015-04-21,2407.74105477038
10,2015-04-25,2403.29302289104
11,2015-04-29,2398.8449910117
12,2015-05-03,2386.267105844745
13,2015-05-07,2373.68922067779
14,2015-05-11,2387.69535878886
15,2015-05-15,2412.26211871747
16,2015-05-19,2412.81686149659
17,2015-05-23,2434.52273864924
18,2015-05-27,2456.22861580189
19,2015-05-31,2440.5405213954
20,2015-06-04,2424.85242698891
21,2015-06-08,2391.10655208125
22,2015-06-12,2400.46442713884
23,2015-06-16,2394.76328573792
24,2015-06-20,2398.95455152939
25,2015-06-24,2403.14581732086
26,2015-06-28,2357.20543710476
27,2015-07-02,2311.26505688866
28,2015-07-06,2286.32395196696
29,2015-07-10,2266.21426937281
30,2015-07-14,2312.03060528832
31,2015-07-18,2303.3203423742552
32,2015-07-22,2294.61007946019
33,2015-07-26,2303.393871762085
34,2015-07-30,2312.17766406398
35,2015-08-03,2297.09919552148
36,2015-08-07,2293.37871701809
37,2015-08-11,2292.68557035801
38,2015-08-15,2275.70959306623
39,2015-08-19,2258.73361577445
40,2015-08-23,2218.74377674135
41,2015-08-27,2178.75393770825
42,2015-08-31,2168.15096665163
43,2015-09-04,2118.09795728782
44,2015-09-08,2191.13548053725
45,2015-09-12,2203.8889902019346
46,2015-09-16,2216.64249986662
47,2015-09-20,2168.2219913069
48,2015-09-24,2119.80148274718
49,2015-09-28,2067.88811755295
50,2015-10-02,2162.56339081904
51,2015-10-06,2212.49472681357
52,2015-10-10,2239.5527955035404
53,2015-10-14,2266.61086419351
54,2015-10-18,2301.01690537337
55,2015-10-22,2335.42294655323
56,2015-10-26,2353.60974570889
57,2015-10-30,2346.65862344043
58,2015-11-03,2374.49013070596
59,2015-11-07,2355.479844131405
60,2015-11-11,2336.46955755685
61,2015-11-15,2336.15543520021
62,2015-11-19,2335.84131284357
63,2015-11-23,2332.75867764413
64,2015-11-27,2353.61879613825
65,2015-12-01,2401.47477756435
66,2015-12-05,2372.2349839071003
67,2015-12-09,2342.99519024985
68,2015-12-13,2327.95207080105
69,2015-12-17,2312.90895135225
70,2015-12-21,2305.28822150372
71,2015-12-25,2335.468113347735
72,2015-12-29,2365.64800519175
73,2016-01-02,2294.400129546445
74,2016-01-06,2223.15225390114
75,2016-01-10,2171.124566235325
76,2016-01-14,2119.09687856951
77,2016-01-18,2101.02793894515
78,2016-01-22,2082.95899932079
79,2016-01-26,2073.48645265202
80,2016-01-30,2082.75217570683
81,2016-02-03,2092.01789876164
82,2016-02-07,2031.16990047176
83,2016-02-11,1970.32190218188
84,2016-02-15,2045.30471003475
85,2016-02-19,2120.28751788762
86,2016-02-23,2110.58936647124
87,2016-02-27,2168.86259374752
88,2016-03-02,2227.1358210238
89,2016-03-06,2229.483394941205
90,2016-03-10,2231.83096885861
91,2016-03-14,2269.09984341604
92,2016-03-18,2323.84367671381
93,2016-03-22,2338.42145723769
94,2016-03-26,2338.138675698945
95,2016-03-30,2337.8558941602
96,2016-04-03,2320.377405326105
97,2016-04-07,2302.89891649201
98,2016-04-11,2305.32445363724
99,2016-04-15,2307.06695135141
100,2016-04-19,2302.90653836154
101,2016-04-23,2313.022122723055
102,2016-04-27,2323.13770708457
103,2016-05-01,2256.95803859839
104,2016-05-05,2190.77837011221
105,2016-05-09,2196.94091029612
106,2016-05-13,2202.97497644866
107,2016-05-17,2224.52077456037
108,2016-05-21,2289.5545383794097
109,2016-05-25,2354.58830219845
110,2016-05-29,2376.236303760425
111,2016-06-02,2397.8843053224
112,2016-06-06,2383.75135135529
113,2016-06-10,2354.25221525826
114,2016-06-14,2347.53199107608
115,2016-06-18,2358.086880626775
116,2016-06-22,2368.64177017747
117,2016-06-26,2367.975805076595
118,2016-06-30,2367.30983997572
119,2016-07-04,2383.35623133547
120,2016-07-08,2399.40262269522
121,2016-07-12,2461.75166992041
122,2016-07-16,2487.213477447165
123,2016-07-20,2512.67528497392
124,2016-07-24,2539.11766634126
125,2016-07-28,2565.5600477086
126,2016-08-01,2549.33342102882
127,2016-08-05,2579.48616289635
128,2016-08-09,2581.96821564653
129,2016-08-13,2599.796448601656
130,2016-08-17,2617.62468155678
131,2016-08-21,2639.9210841540653
132,2016-08-25,2662.21748675135
133,2016-08-29,2694.05093523431
134,2016-09-02,2700.51720215669
135,2016-09-06,2716.49467417279
136,2016-09-10,2690.11704793629
137,2016-09-14,2663.73942169979
138,2016-09-18,2709.063990198585
139,2016-09-22,2754.38855869738
140,2016-09-26,2709.63672280451
141,2016-09-30,2775.06897258894
142,2016-10-04,2769.47961719667
143,2016-10-08,2749.5775581810303
144,2016-10-12,2729.67549916539
145,2016-10-16,2736.198900468345
146,2016-10-20,2742.7223017713
147,2016-10-24,2778.58661244188
148,2016-10-28,2769.88207755036
149,2016-11-01,2744.50959303434
150,2016-11-05,2752.3151847058957
151,2016-11-09,2760.12077637745
152,2016-11-13,2794.00709857721
153,2016-11-17,2827.89342077697
154,2016-11-21,2849.29344463371
155,2016-11-25,2858.52749593291
156,2016-11-29,2860.27318891653
157,2016-12-03,2866.085551219605
158,2016-12-07,2871.89791352268
159,2016-12-11,2889.303807715375
160,2016-12-15,2906.70970190807
161,2016-12-19,2895.78136754397
162,2016-12-23,2922.04534276237
163,2016-12-27,2942.47843231225
164,2016-12-31,2922.3367691876247
165,2017-01-04,2902.195106063
166,2017-01-08,2931.989086900655
167,2017-01-12,2961.78306773831
168,2017-01-16,2982.11258905763
169,2017-01-20,3002.44211037695
170,2017-01-24,3045.82069379367
171,2017-01-28,3063.91812927726
172,2017-02-01,3082.01556476085
173,2017-02-05,3106.202379441365
174,2017-02-09,3130.38919412188
175,2017-02-13,3143.23194464483
176,2017-02-17,3186.27708566431
177,2017-02-21,3206.35206279034
178,2017-02-25,3219.980138304735
179,2017-03-01,3233.60821381913
180,2017-03-05,3219.966319524895
181,2017-03-09,3206.32442523066
182,2017-03-13,3258.05741367627
183,2017-03-17,3272.99897316175
184,2017-03-21,3213.89875568185
185,2017-03-25,3245.418057344425
186,2017-03-29,3276.937359007
187,2017-04-02,3265.24722077949
188,2017-04-06,3253.55708255198
189,2017-04-10,3256.20411384526
190,2017-04-14,3243.712042529856
191,2017-04-18,3231.21997121445
192,2017-04-22,3274.173611056365
193,2017-04-26,3317.12725089828
194,2017-04-30,3340.06119220487
195,2017-05-04,3362.99513351146
196,2017-05-08,3378.15660218699
197,2017-05-12,3423.53157351028
198,2017-05-16,3484.47009729857
199,2017-05-20,3489.025255728335
200,2017-05-24,3493.5804141581
201,2017-05-28,3518.61904344226
202,2017-06-01,3543.65767272642
203,2017-06-05,3572.86593325716
204,2017-06-09,3504.21424632294
205,2017-06-13,3515.87292843574
206,2017-06-17,3523.017638281445
207,2017-06-21,3530.16234812715
208,2017-06-25,3471.814869536065
209,2017-06-29,3413.46739094498
210,2017-07-03,3360.49295665203
211,2017-07-07,3432.56604488345
212,2017-07-11,3489.67256416371
213,2017-07-15,3547.6568363953047
214,2017-07-19,3605.6411086269
215,2017-07-23,3563.63160494976
216,2017-07-27,3521.62210127262
217,2017-07-31,3500.97049801952
218,2017-08-04,3487.77365250284
219,2017-08-08,3510.05189629181
220,2017-08-12,3519.9241296971
221,2017-08-16,3529.79636310239
222,2017-08-20,3512.88302125713
223,2017-08-24,3495.96967941187
224,2017-08-28,3499.58091563009
225,2017-09-01,3597.71888564568
226,2017-09-05,3558.78236903861
227,2017-09-09,3595.3797274139097
228,2017-09-13,3631.97708578921
229,2017-09-17,3635.24583742292
230,2017-09-21,3638.51458905663
231,2017-09-25,3605.67369187174
232,2017-09-29,3713.01473681495
233,2017-10-03,3732.00050506382
234,2017-10-07,3766.96770910854
235,2017-10-11,3801.93491315326
236,2017-10-15,3831.211147298455
237,2017-10-19,3860.48738144365
238,2017-10-23,3898.37245584808
239,2017-10-27,3936.77322647992
240,2017-10-31,3967.6749677877
241,2017-11-04,3996.20756371185
242,2017-11-08,4024.740159636
243,2017-11-12,4028.728409805705
244,2017-11-16,4032.71665997541
245,2017-11-20,4044.05223826848
246,2017-11-24,4094.04072065697
247,2017-11-28,4068.50485293641
248,2017-12-02,3968.761257275605
249,2017-12-06,3869.0176616148
250,2017-12-10,3893.49946329249
251,2017-12-14,3917.98126497018
252,2017-12-18,4011.94907286922
253,2017-12-22,3969.38097655565
254,2017-12-26,3943.70723868743
255,2017-12-30,3994.01629404531
256,2018-01-03,4044.32534940319
257,2018-01-07,4074.95434330058
258,2018-01-11,4105.58333719797
259,2018-01-15,4166.631484187839
260,2018-01-19,4227.67963117771
261,2018-01-23,4288.71474720927
262,2018-01-27,4258.05957544338
263,2018-01-31,4227.40440367749
264,2018-02-04,4016.0328178981154
265,2018-02-08,3804.66123211874
266,2018-02-12,3963.3458361902
267,2018-02-16,4131.97214309757
268,2018-02-20,4172.77695751091
269,2018-02-24,4192.077486166135
270,2018-02-28,4211.37801482136
271,2018-03-04,4293.926482223254
272,2018-03-08,4376.47494962515
273,2018-03-12,4496.58630857772
274,2018-03-16,4447.23764626444
275,2018-03-20,4377.72810672937
276,2018-03-24,4227.436249908855
277,2018-03-28,4077.14439308834
278,2018-04-01,4098.904348290985
279,2018-04-05,4120.66430349363
280,2018-04-09,4041.74162375638
281,2018-04-13,4173.62063278175
282,2018-04-17,4283.03900816782
283,2018-04-21,4156.54725052948
284,2018-04-25,4030.05549289114
285,2018-04-29,4068.4170175681543
286,2018-05-03,4106.77854224517
287,2018-05-07,4212.49338481602
288,2018-05-11,4290.40590213853
289,2018-05-15,4278.57208823268
290,2018-05-19,4286.747952245485
291,2018-05-23,4294.92381625829
292,2018-05-27,4288.698534943875
293,2018-05-31,4282.47325362946
294,2018-06-04,4393.70151434421
295,2018-06-08,4378.45406233011
296,2018-06-12,4406.4807095628
297,2018-06-16,4394.36392723952
298,2018-06-20,4382.24714491624
299,2018-06-24,4278.95150197789
300,2018-06-28,4175.65585903954
301,2018-07-02,4229.61876079338
302,2018-07-06,4303.97732643923
303,2018-07-10,4349.83887100792
304,2018-07-14,4389.613628174595
305,2018-07-18,4429.38838534127
306,2018-07-22,4426.23183509053
307,2018-07-26,4423.07528483979
308,2018-07-30,4300.52797857692
309,2018-08-03,4368.47985913366
310,2018-08-07,4404.07987931185
311,2018-08-11,4324.213098947876
312,2018-08-15,4244.3463185839
313,2018-08-19,4282.408578145335
314,2018-08-23,4320.47083770677
315,2018-08-27,4423.99721796757
316,2018-08-31,4422.30348765778
317,2018-09-04,4396.80358362606
318,2018-09-08,4319.26895163817
319,2018-09-12,4241.73431965028
320,2018-09-16,4287.273229798129
321,2018-09-20,4332.81213994598
322,2018-09-24,4329.0099753378
323,2018-09-28,4325.69319334275
324,2018-10-02,4310.79822537119
325,2018-10-06,4131.091843422965
326,2018-10-10,3951.38546147474
327,2018-10-14,3970.06091445834
328,2018-10-18,3988.73636744194
329,2018-10-22,3983.08247986181
330,2018-10-26,3792.57200706802
331,2018-10-30,3815.67444079416
332,2018-11-03,3950.721771561115
333,2018-11-07,4085.76910232807
334,2018-11-11,4039.72869339107
335,2018-11-15,3993.68828445407
336,2018-11-19,3826.70427982532
337,2018-11-23,3834.44164174169
338,2018-11-27,3908.73877284002
339,2018-12-01,3911.706034087785
340,2018-12-05,3914.67329533555
341,2018-12-09,3917.6405565833143
342,2018-12-13,3920.60781783108
343,2018-12-17,3754.22239465422
344,2018-12-21,3539.26301574999
345,2018-12-25,3602.3096395947964
346,2018-12-29,3665.356263439604
347,2019-01-02,3728.40288728441
348,2019-01-06,3802.7406721638754
349,2019-01-10,3877.07845704334
350,2019-01-14,3828.08745365142
351,2019-01-18,3971.49198413786
352,2019-01-22,3874.74118791025
353,2019-01-26,3987.07536895802
354,2019-01-30,4099.40955000579
355,2019-02-03,4167.04280591581
356,2019-02-07,4234.67606182583
357,2019-02-11,4248.12912538059
358,2019-02-15,4347.41992102174
359,2019-02-19,4345.74751407711
360,2019-02-23,4359.7136965542
361,2019-02-27,4373.67987903129
362,2019-03-03,4329.771022636714
363,2019-03-07,4285.86216624214
364,2019-03-11,4376.23837111785
365,2019-03-15,4470.38167834942
366,2019-03-19,4499.18043462395
367,2019-03-23,4461.013460980859
368,2019-03-27,4422.84648733777
369,2019-03-31,4544.308018002696
370,2019-04-04,4665.76954866762
371,2019-04-08,4717.32150231689
372,2019-04-12,4766.14450307232
373,2019-04-16,4809.80274167461
374,2019-04-20,4845.143393378815
375,2019-04-24,4880.48404508302
376,2019-04-28,4856.23965578375
377,2019-05-02,4831.99526648448
378,2019-05-06,4802.20362390119
379,2019-05-10,4630.4803497792
380,2019-05-14,4521.75633191829
381,2019-05-18,4468.8435960639545
382,2019-05-22,4415.93086020962
383,2019-05-26,4361.67034531096
384,2019-05-30,4307.4098304123
385,2019-06-03,4170.02010435732
386,2019-06-07,4435.7982408584
387,2019-06-11,4517.50556143208
388,2019-06-15,4531.941005998709
389,2019-06-19,4546.37645056534
390,2019-06-23,4590.74001701919
391,2019-06-27,4635.10358347304
392,2019-07-01,4766.30733883208
393,2019-07-05,4757.68466326251
394,2019-07-09,4767.52462096687
395,2019-07-13,4793.837169463005
396,2019-07-17,4820.14971795914
397,2019-07-21,4890.7538188349
398,2019-07-25,4961.35791971066
399,2019-07-29,4952.95605410205
400,2019-08-02,4655.56428536653
401,2019-08-06,4531.81387090084
402,2019-08-10,4538.71507614897
403,2019-08-14,4545.6162813971
404,2019-08-18,4625.057139388175
405,2019-08-22,4704.49799737925
406,2019-08-26,4595.86099754784
407,2019-08-30,4693.40934541368
408,2019-09-03,4636.63766746885
409,2019-09-07,4775.487702481025
410,2019-09-11,4914.3377374932
411,2019-09-15,4896.130073544615
412,2019-09-19,4877.92240959603
413,2019-09-23,4830.12634358136
414,2019-09-27,4731.76977108485
415,2019-10-01,4719.82898549372
416,2019-10-05,4716.181245450185
417,2019-10-09,4712.53350540665
418,2019-10-13,4788.297418472185
419,2019-10-17,4864.06133153772
420,2019-10-21,4873.15252220716
421,2019-10-25,4923.93877878711
422,2019-10-29,4958.12736772679
423,2019-11-02,5008.492151172764
424,2019-11-06,5058.85693461874
425,2019-11-10,5088.534233633895
426,2019-11-14,5118.21153264905
427,2019-11-18,5162.08117616057
428,2019-11-22,5093.3157120571
429,2019-11-26,5178.3315892594
430,2019-11-30,5136.706016653065
431,2019-12-04,5095.08044404673
432,2019-12-08,5199.468689007845
433,2019-12-12,5303.85693396896
434,2019-12-16,5363.46741397026
435,2019-12-20,5460.6049857655
436,2019-12-24,5471.90742248712
437,2019-12-28,5513.955565837552
438,2020-01-01,5556.003709187985
439,2020-01-05,5598.051852538418
440,2020-01-09,5640.09999588885
441,2020-01-13,5681.6123866417
442,2020-01-17,5736.06476226142
443,2020-01-21,5733.20281097867
444,2020-01-25,5675.48921870849
445,2020-01-29,5617.77562643831
446,2020-02-02,5710.74690495461
447,2020-02-06,5803.71818347091
448,2020-02-10,5798.66073364832
449,2020-02-14,5907.67304728843
450,2020-02-18,5867.19962170448
451,2020-02-22,5596.271345434895
452,2020-02-26,5325.34306916531
453,2020-03-01,5261.38063968583
454,2020-03-05,5197.41821020635
455,2020-03-09,4690.86130305012
456,2020-03-13,4660.57725624427
457,2020-03-17,4373.61714724023
458,2020-03-21,4407.562035290175
459,2020-03-25,4441.50692334012
460,2020-03-29,4450.258463137725
461,2020-04-02,4459.01000293533
462,2020-04-06,4783.1594272207
463,2020-04-10,4939.4913703249895
464,2020-04-14,5095.82331342928
465,2020-04-18,5087.6152518662
466,2020-04-22,5079.40719030312
467,2020-04-26,5156.70597613994
468,2020-04-30,5234.00476197676
469,2020-05-04,5048.17506202478
470,2020-05-08,5355.32055027058
471,2020-05-12,5236.08925477828
472,2020-05-16,5374.794007815675
473,2020-05-20,5513.49876085307
474,2020-05-24,5506.35438391432
475,2020-05-28,5499.21000697557
476,2020-06-01,5610.48868098063
477,2020-06-05,5915.47224395666
478,2020-06-09,5915.05241397051
479,2020-06-13,5896.99989104184
480,2020-06-17,5878.94736811317
481,2020-06-21,5871.52714518237
482,2020-06-25,5864.10692225157
483,2020-06-29,5834.06127618056
484,2020-07-03,5949.921265407885
485,2020-07-07,6065.78125463521
486,2020-07-11,6100.965535495056
487,2020-07-15,6136.1498163549
488,2020-07-19,6148.55450285848
489,2020-07-23,6160.95918936206
490,2020-07-27,6178.71503743519
491,2020-07-31,6300.77031648788
492,2020-08-04,6434.51294267549
493,2020-08-08,6397.4871380010045
494,2020-08-12,6360.46133332652
495,2020-08-16,6380.29782234497
496,2020-08-20,6400.13431136342
497,2020-08-24,6458.27266437769
498,2020-08-28,6658.11569461075
499,2020-09-01,6781.63443638922
500,2020-09-05,6538.236443300645
501,2020-09-09,6294.83845021207
502,2020-09-13,6268.08537245137
503,2020-09-17,6241.33229469067
504,2020-09-21,6163.55846269291
505,2020-09-25,6267.16701419538
506,2020-09-29,6394.8039164298
507,2020-10-03,6470.150253365395
508,2020-10-07,6545.49659030099
509,2020-10-11,6665.594088087365
510,2020-10-15,6785.69158587374
511,2020-10-19,6687.58006151223
512,2020-10-23,6659.52577161124
513,2020-10-27,6531.36494481368
514,2020-10-31,6635.781286236335
515,2020-11-04,6740.19762765899
516,2020-11-08,6785.131091518275
517,2020-11-12,6830.06455537756
518,2020-11-16,6995.15454589093
519,2020-11-20,6927.57629951116
520,2020-11-24,7028.8776274307
521,2020-11-28,7151.50440735912
522,2020-12-02,7274.13118728754
523,2020-12-06,7274.9789589108605
524,2020-12-10,7275.82673053418
525,2020-12-14,7327.02855107648
526,2020-12-18,7526.35656572197
527,2020-12-22,7563.768786547
528,2020-12-26,7546.802758969015
529,2020-12-30,7529.83673139103
530,2021-01-03,7600.299765658105
531,2021-01-07,7670.76279992518
532,2021-01-11,7723.37912569862
533,2021-01-15,7729.11702217388
534,2021-01-19,7918.94926705107
535,2021-01-23,7733.92754777927
536,2021-01-27,7548.90582850747
537,2021-01-31,7759.638089034295
538,2021-02-04,7970.37034956112
539,2021-02-08,8121.08556191323
540,2021-02-12,8470.04773534683
541,2021-02-16,8480.85728836879
542,2021-02-20,8344.270781853069
543,2021-02-24,8207.68427533735
544,2021-02-28,7801.514594717324
545,2021-03-04,7395.3449140973
546,2021-03-08,7197.58679467392
547,2021-03-12,7660.99989441831
548,2021-03-16,7852.58242259248
549,2021-03-20,7723.662461686665
550,2021-03-24,7594.74250078085
551,2021-03-28,7849.137474217825
552,2021-04-01,8103.5324476548
553,2021-04-05,8245.20379191188
554,2021-04-09,8304.7365301821
555,2021-04-13,8328.01091304479
556,2021-04-17,8270.64882620896
557,2021-04-21,8213.28673937313
558,2021-04-25,8249.94587152237
559,2021-04-29,8286.60500367161
560,2021-05-03,8022.73334243989
561,2021-05-07,7939.97532742664
562,2021-05-11,7718.92759667291
563,2021-05-15,7704.46444028023
564,2021-05-19,7690.00128388755
565,2021-05-23,7854.941077016065
566,2021-05-27,8019.88087014458
567,2021-05-31,8065.3778184535295
568,2021-06-04,8110.87476676248
569,2021-06-08,8092.62569714055
570,2021-06-12,8157.099289266875
571,2021-06-16,8221.5728813932
572,2021-06-20,8366.093408071505
573,2021-06-24,8510.61393474981
574,2021-06-28,8657.39384256547
575,2021-07-02,8675.76101279796
576,2021-07-06,8675.65493350189
577,2021-07-10,8633.11016789596
578,2021-07-14,8590.56540229003
579,2021-07-18,8627.261063773494
580,2021-07-22,8663.95672525696
581,2021-07-26,8726.62215560758
582,2021-07-30,8886.17448569309
583,2021-08-03,8942.2695422901
584,2021-08-07,8906.583465749864
585,2021-08-11,8870.89738920963
586,2021-08-15,8793.858727250465
587,2021-08-19,8716.8200652913
588,2021-08-23,8970.53459263718
589,2021-08-27,9181.58413108116
590,2021-08-31,9139.06890201599
591,2021-09-04,9125.326956772817
592,2021-09-08,9111.58501152964
593,2021-09-12,9162.68370496396
594,2021-09-16,9213.78239839828
595,2021-09-20,8885.11808081768
596,2021-09-24,9115.73215342914
597,2021-09-28,8697.59966771449
598,2021-10-02,8644.341642944779
599,2021-10-06,8591.08361817507
600,2021-10-10,8733.707896681619
601,2021-10-14,8876.33217518817
602,2021-10-18,9020.86588261349
603,2021-10-22,9177.47398298703
604,2021-10-26,9192.87447640164
605,2021-10-30,9323.67659902319
606,2021-11-03,9454.47872164474
607,2021-11-07,9552.748356242391
608,2021-11-11,9651.01799084004
609,2021-11-15,9712.20130813189
610,2021-11-19,9846.56182549885
611,2021-11-23,9539.6693320271
612,2021-11-27,9407.726892748611
613,2021-12-01,9275.78445347012
614,2021-12-05,9361.94147940939
615,2021-12-09,9448.09850534866
616,2021-12-13,9373.76052545614
617,2021-12-17,9219.3532036077
618,2021-12-21,9431.28300417297
619,2021-12-25,9544.087629307423
620,2021-12-29,9656.89225444188
621,2022-01-02,9387.3205120554
622,2022-01-06,9117.74876966892
623,2022-01-10,8991.19789822805
624,2022-01-14,8983.1965995119
625,2022-01-18,8678.99231242613
626,2022-01-22,8366.45722289797
627,2022-01-26,8053.92213336981
628,2022-01-30,8156.76459189609
629,2022-02-03,8259.60705042237
630,2022-02-07,8344.11540299956
631,2022-02-11,8221.37603902419
632,2022-02-15,8541.59273622297
633,2022-02-19,8147.463526897275
634,2022-02-23,7753.33431757158
635,2022-02-27,7917.11462141517
636,2022-03-03,8080.89492525876
637,2022-03-07,7492.4366124123
638,2022-03-11,7440.16336573218
639,2022-03-15,7431.49471057484
640,2022-03-19,7771.890730640394
641,2022-03-23,8112.28675070595
642,2022-03-27,8216.172616004254
643,2022-03-31,8320.05848130256
644,2022-04-04,8495.5245038351
645,2022-04-08,7836.41289957942
646,2022-04-12,7641.80428731265
647,2022-04-16,7672.30228677971
648,2022-04-20,7702.80028624677
649,2022-04-24,7578.73234111909
650,2022-04-28,7454.66439599141
651,2022-05-02,7282.94204186451
652,2022-05-06,6879.37953880477
653,2022-05-10,6618.7612515929
654,2022-05-14,6549.858082536765
655,2022-05-18,6480.95491348063
656,2022-05-22,6668.622629671085
657,2022-05-26,6856.29034586154
658,2022-05-30,6966.049992950046
659,2022-06-03,7075.80964003855
660,2022-06-07,7205.86504773984
661,2022-06-11,6806.829408558285
662,2022-06-15,6407.79376937673
663,2022-06-19,6408.08737602347
664,2022-06-23,6408.38098267021
665,2022-06-27,6627.79901762407
666,2022-07-01,6252.35786828572
667,2022-07-05,6407.34982808787
668,2022-07-09,6366.15137429673
669,2022-07-13,6324.95292050559
670,2022-07-17,6656.85936631364
671,2022-07-21,6988.76581212169
672,2022-07-25,6746.17351096133
673,2022-07-29,7032.7850117364
674,2022-08-02,7070.59887429945
675,2022-08-06,7199.497924073339
676,2022-08-10,7328.39697384723
677,2022-08-14,7308.985821513235
678,2022-08-18,7289.57466917924
679,2022-08-22,6858.1085164595
680,2022-08-26,6739.05664146728
681,2022-08-30,6579.52794506439
682,2022-09-03,6473.97686304797
683,2022-09-07,6368.42578103155
684,2022-09-11,6312.25049935312
685,2022-09-15,6256.07521767469
686,2022-09-19,6223.61874285099
687,2022-09-23,5838.35606414856
688,2022-09-27,5825.00348602423
689,2022-10-01,5993.9825313696
690,2022-10-05,6162.96157671497
691,2022-10-09,5860.60031394661
692,2022-10-13,5558.23905117825
693,2022-10-17,5545.59800060927
694,2022-10-21,5734.36458166972
695,2022-10-25,5924.91616389633
696,2022-10-29,5736.86960019136
697,2022-11-02,5548.82303648639
698,2022-11-06,5797.0679535634845
699,2022-11-10,6045.31287064058
700,2022-11-14,6165.00890857009
701,2022-11-18,6059.44478813657
702,2022-11-22,6072.84780201662
703,2022-11-26,6162.66304263734
704,2022-11-30,6252.47828325806
705,2022-12-04,6168.333300828735
706,2022-12-08,6084.18831839941
707,2022-12-12,6189.57610541764
708,2022-12-16,5970.97115965577
709,2022-12-20,5862.82288335799
710,2022-12-24,5722.698661213165
711,2022-12-28,5582.57443906834
712,2023-01-01,5615.032135350621
713,2023-01-05,5647.4898316329
714,2023-01-09,5930.79925375718
715,2023-01-13,6150.90293341999
716,2023-01-17,6176.48155663336
717,2023-01-21,6266.34363598641
718,2023-01-25,6356.20571533946
719,2023-01-29,6677.656876718015
720,2023-02-02,6999.10803809657
721,2023-02-06,6710.16167034915
722,2023-02-10,6674.5788050396
723,2023-02-14,6909.0693075962
724,2023-02-18,6721.45296987716
725,2023-02-22,6533.83663215812
726,2023-02-26,6590.33921243034
727,2023-03-02,6646.84179270256
728,2023-03-06,6707.65624365655
729,2023-03-10,6432.29041715319
730,2023-03-14,6632.83917804606
731,2023-03-18,6685.725680432065
732,2023-03-22,6738.61218281807
733,2023-03-26,6872.661948585505
734,2023-03-30,7006.71171435294
735,2023-04-03,7064.5567704567
736,2023-04-07,6975.405081441921
737,2023-04-11,6886.25339242714
738,2023-04-15,6861.14380037366
739,2023-04-19,6836.03420832018
740,2023-04-23,6751.25978531876
741,2023-04-27,6666.48536231734
742,2023-05-01,6722.09205281838
743,2023-05-05,6712.39922650745
744,2023-05-09,6702.68512226959
745,2023-05-13,6869.094715579665
746,2023-05-17,7035.50430888974
747,2023-05-21,7185.0845672837095
748,2023-05-25,7334.66482567768
749,2023-05-29,7546.593987649965
750,2023-06-02,7758.52314962225
751,2023-06-06,7791.79129249564
752,2023-06-10,7946.39680236806
753,2023-06-14,8101.00231224048
754,2023-06-18,7988.7207060082
755,2023-06-22,7876.43909977592
756,2023-06-26,7746.33164507128
757,2023-06-30,8048.89499104954
758,2023-07-04,8080.028177922027
759,2023-07-08,8111.161364794513
760,2023-07-12,8142.294551667
761,2023-07-16,8148.732488279549
762,2023-07-20,8155.1704248921
763,2023-07-24,8200.71676353739
764,2023-07-28,8522.97494570826
765,2023-08-01,8597.35739439416
766,2023-08-05,8286.10791077009
767,2023-08-09,7974.85842714602
768,2023-08-13,7840.243835077221
769,2023-08-17,7705.62924300842
770,2023-08-21,7915.81785993904
771,2023-08-25,7896.52352491193
772,2023-08-29,8163.8932458764
773,2023-09-02,8270.375646360895
774,2023-09-06,8376.85804684539
775,2023-09-10,8340.42778102176
776,2023-09-14,8303.99751519813
777,2023-09-18,8126.1976737743
778,2023-09-22,7855.82587696734
779,2023-09-26,7753.66867867351
780,2023-09-30,7830.345853056669
781,2023-10-04,7907.02302743983
782,2023-10-08,8065.42385500678
783,2023-10-12,8223.82468257373
784,2023-10-16,8179.34271771222
785,2023-10-20,7801.00127726931
786,2023-10-24,7884.51541291113
787,2023-10-28,7799.996387493315
788,2023-11-01,7715.4773620755
789,2023-11-05,7890.3066647704945
790,2023-11-09,8065.13596746549
791,2023-11-13,8289.8760506328
792,2023-11-17,8619.82727238026
793,2023-11-21,8671.4464454823
794,2023-11-25,8772.859320452146
795,2023-11-29,8874.27219542199
796,2023-12-03,8860.63563124308
797,2023-12-07,8846.99906706417
798,2023-12-11,9095.47942088134
799,2023-12-15,9483.86006906906
800,2023-12-19,9514.85608250246
801,2023-12-23,9587.508427548815
802,2023-12-27,9660.16077259517
803,2023-12-31,9379.535880620066
804,2024-01-04,9098.91098864496
805,2024-01-08,9382.04175086425
806,2024-01-12,9534.17327075136
807,2024-01-16,9562.14100021265
808,2024-01-20,9832.632207151426
809,2024-01-24,10103.1234140902
810,2024-01-28,9995.99387826031
811,2024-02-01,9888.86434243042
812,2024-02-05,10017.6608229497
813,2024-02-09,10435.1199581834
814,2024-02-13,10154.504323814
815,2024-02-17,10046.94911264644
816,2024-02-21,9939.39390147888
817,2024-02-25,10175.58588178144
818,2024-02-29,10411.777862084
819,2024-03-04,10606.4154849887
820,2024-03-08,10415.3295830867
821,2024-03-12,10530.3508064364
822,2024-03-16,10451.48497717405
823,2024-03-20,10372.6191479117
824,2024-03-24,10396.4741405128
825,2024-03-28,10420.3291331139
826,2024-04-01,10463.6954162927
827,2024-04-05,10306.5674405048
828,2024-04-09,10400.3185842573
829,2024-04-13,10108.547554799195
830,2024-04-17,9816.77652534109
831,2024-04-21,9855.3537463169
832,2024-04-25,9893.93096729271
833,2024-04-29,10039.6395922689
834,2024-05-03,9982.19499452969
835,2024-05-07,10076.021898986
836,2024-05-11,10265.15407487845
837,2024-05-15,10454.2862507709
838,2024-05-19,10475.055196672249
839,2024-05-23,10495.8241425736
840,2024-05-27,10308.7725430016
841,2024-05-31,10121.7209434296
842,2024-06-04,10076.1819080976
843,2024-06-08,10400.3062042059
844,2024-06-12,10724.4305003142
845,2024-06-16,10728.9896443444
846,2024-06-20,10733.5487883746
847,2024-06-24,10582.2792112066
848,2024-06-28,10790.6513761893
849,2024-07-02,10943.9899178207
850,2024-07-06,11084.4801542004
851,2024-07-10,11224.9703905801
852,2024-07-14,10943.27873064905
853,2024-07-18,10661.587070718
854,2024-07-22,10709.8563964677
855,2024-07-26,10219.7906477362
856,2024-07-30,9999.49743424509
857,2024-08-03,9667.353970423055
858,2024-08-07,9335.21050660102
859,2024-08-11,9852.63552669286
860,2024-08-15,10370.0605467847
861,2024-08-19,10515.5089736124
862,2024-08-23,10470.000864396
863,2024-08-27,10313.1642934928
864,2024-08-31,10115.145710358283
865,2024-09-04,9917.12712722377
866,2024-09-08,9981.570209188983
867,2024-09-12,10046.0132911542
868,2024-09-16,10092.9764981399
869,2024-09-20,10230.7476656039
870,2024-09-24,10331.3556819667
871,2024-09-28,10335.752192941149
872,2024-10-02,10340.1487039156
873,2024-10-06,10526.24188508955
874,2024-10-10,10712.3350662635
875,2024-10-14,10924.4587015565
876,2024-10-18,10554.184970575
877,2024-10-22,10499.4543559428
878,2024-10-26,10483.75205503525
879,2024-10-30,10468.0497541277
880,2024-11-03,10711.891380968753
881,2024-11-07,10955.7330078098
882,2024-11-11,10828.7135647681
883,2024-11-15,10334.477521008
884,2024-11-19,10536.3360753133
885,2024-11-23,10595.04444325215
886,2024-11-27,10653.752811191
887,2024-12-01,10786.1309242494
888,2024-12-05,10918.5090373078
889,2024-12-09,10993.2052777511
890,2024-12-13,10895.7330457926
891,2024-12-17,10917.7706681319
892,2024-12-21,10765.603492740123
893,2024-12-25,10702.272972352912
894,2024-12-29,10705.015455631987
895,2025-01-02,10719.035304706744
896,2025-01-06,10719.156942497859
897,2025-01-10,10720.597195127353
898,2025-01-14,10716.232438966035
899,2025-01-18,10723.29963033781
900,2025-01-22,10724.80490119803
901,2025-01-26,10726.324417053478
902,2025-01-30,10720.354027061534
903,2025-02-03,10722.180352059135
904,2025-02-07,10723.650771400022
905,2025-02-11,10726.86254345267
906,2025-02-15,10722.544029054796
907,2025-02-19,10721.212627593759
908,2025-02-23,10720.938861945993
909,2025-02-27,10724.674264774601
910,2025-03-03,10723.169166149593
911,2025-03-07,10721.16742597424
912,2025-03-11,10718.93385714629
